A_reqA,A_reqB,N_robot,reqAonRobot,reqBonRobot,S_door_opening,S_door_closing,S_reqA_driveToDoor,S_reqA_driveFwd,S_reqA_driveBack,S_reqA_driveAround,S_reqB_driveToDoor,S_reqB_driveFwd,S_reqB_driveBack,S_reqB_driveAround,S_robot_driveToDoor,S_robot_driveFwd,S_robot_driveBack,S_robot_driveAround,S_changePolicyToOpen,probA,probB,Z_robot,comm_same_room,R_robot_choosing_A_mean,R_robot_choosing_A_low,R_robot_choosing_A_up,R_robot_reachDoor_A_mean,R_robot_reachDoor_A_low,R_robot_reachDoor_A_up,R_robot_driveThru_A_mean,R_robot_driveThru_A_low,R_robot_driveThru_A_up,R_robot_driveFwd_A_mean,R_robot_driveFwd_A_low,R_robot_driveFwd_A_up,R_robot_driveBack_A_mean,R_robot_driveBack_A_low,R_robot_driveBack_A_up,R_robot_driveAround_A_mean,R_robot_driveAround_A_low,R_robot_driveAround_A_up,R_robot_delivered_mean,R_robot_delivered_low,R_robot_delivered_up,R_robot_reachDoor_R_mean,R_robot_reachDoor_R_low,R_robot_reachDoor_R_up,R_robot_driveThru_R_mean,R_robot_driveThru_R_low,R_robot_driveThru_R_up,R_robot_driveFwd_R_mean,R_robot_driveFwd_R_low,R_robot_driveFwd_R_up,R_robot_driveBack_R_mean,R_robot_driveBack_R_low,R_robot_driveBack_R_up,R_robot_driveAround_R_mean,R_robot_driveAround_R_low,R_robot_driveAround_R_up,X_robot_goFast_A_mean,X_robot_goFast_A_low,X_robot_goFast_A_up,X_robot_success_A_mean,X_robot_success_A_low,X_robot_success_A_up,X_robot_fail_A_mean,X_robot_fail_A_low,X_robot_fail_A_up,X_robot_goFast_R_mean,X_robot_goFast_R_low,X_robot_goFast_R_up,X_robot_success_R_mean,X_robot_success_R_low,X_robot_success_R_up,X_robot_fail_R_mean,X_robot_fail_R_low,X_robot_fail_R_up,N_robot_avail_mean,N_robot_avail_low,N_robot_avail_up
30,30,10,1,1,15,45,9,9,9,27,9,9,9,27,1,1,1,3,1,0.1,0.9,1,0.1,0.0,0.0,0.0,8.940127226201291,8.701229688331749,9.179024764070833,0.0,0.0,0.0,8.969027765801219,8.804567818979223,9.133487712623214,8.933362271557431,8.75286172599443,9.113862817120433,27.216512671892158,26.501435138247697,27.93159020553662,0.0,0.0,0.0,0.9963899595592105,0.9711810554941598,1.0215988636242612,0.0,0.0,0.0,0.99996564132114,0.9814807723629483,1.0184505102793318,0.9962104663965288,0.9757494810632165,1.016671451729841,2.988754082048954,2.9099478310793643,3.0675603330185437,0.3734637610824679,0.36500163356529497,0.3823275697648536,0.2977653957362732,0.28919679094773226,0.30685726220445564,0.07348391009846535,0.07179928329949957,0.07524948908613001,0.37179369665471335,0.36195619507728904,0.3821808790021298,0.3096004902499247,0.30125283245993406,0.3184239565718561,0.062456685578005634,0.060759009186333084,0.06425195899278846,0.37890306396036527,0.36844855898081574,0.3893575689399148
30,30,10,1,1,10,50,9,9,9,27,9,9,9,27,1,1,1,3,1,0.1,0.9,0.1,0.1,0.0,0.0,0.0,8.941190089829375,8.743119215187013,9.139260964471736,0.0,0.0,0.0,9.045546066801437,8.845111262909603,9.245980870693272,9.068072378830399,8.866152209085048,9.26999254857575,27.089652844958042,26.47076902172607,27.708536668190014,0.0,0.0,0.0,0.9859424925377667,0.9620616022928251,1.0098233827827081,0.0,0.0,0.0,0.9987095262009296,0.9817218324073058,1.0156972199945533,1.0006639983956451,0.9794373028351707,1.0218906939561196,2.997243857069391,2.932997533776857,3.0614901803619254,0.4154498430507104,0.409850972560442,0.42120380166844323,0.3574273302759814,0.3481858045988846,0.36717280779502764,0.0550985031323209,0.05395353529866837,0.056293120157497795,0.4154481895420957,0.4098400086633096,0.42121198257513276,0.3674367169826418,0.35924129421580475,0.3760147960333996,0.04797518449936557,0.04702332259370888,0.0489663783938027,0.04159356015171187,0.04038388225216062,0.04280323805126311
30,30,10,1,1,15,45,9,9,9,27,9,9,9,27,1,1,1,3,1,0.1,0.9,10,0.1,0.0,0.0,0.0,9.042792513204196,8.809951672102596,9.275633354305796,0.0,0.0,0.0,8.894902538443805,8.663066786715532,9.126738290172078,8.96718802608981,8.705073341502256,9.229302710677363,27.048194642893908,26.4365247856318,27.659864500156015,0.0,0.0,0.0,0.9815136339159798,0.9538978437829488,1.0091294240490107,0.0,0.0,0.0,1.0003986213644542,0.9806499741541334,1.020147268574775,0.9979945574770339,0.9804129571476977,1.0155761578063702,3.0093569550717754,2.9395547736472927,3.079159136496258,0.2747160035175736,0.2683371742001728,0.2814054888171592,0.21311491734823676,0.20941540298527972,0.21694749296001986,0.06019351443013727,0.05855951402776528,0.06192132012805816,0.2796299703127131,0.2724831753311356,0.28716176096236606,0.22648758581290207,0.22075185766087183,0.23252932428619655,0.0478488358955791,0.04669914389655545,0.04905656554983481,2.747543496961303,2.6753949026806016,2.8196920912420045
30,30,10,1,1,15,45,9,9,9,27,9,9,9,27,1,1,1,3,1,0.1,0.9,0.1,0.1,0.0,0.0,0.0,9.001127166158673,8.853490535408607,9.148763796908739,0.0,0.0,0.0,8.985489978475332,8.738534698270401,9.232445258680263,8.96498823265094,8.814645907706359,9.115330557595522,27.001646906251693,26.57777034460704,27.425523467896348,0.0,0.0,0.0,0.9937509566698568,0.9733539976914917,1.014147915648222,0.0,0.0,0.0,1.0087938870458162,0.9906134335718026,1.0269743405198297,0.9924926138649837,0.9731552469726776,1.0118299807572897,2.9919703592852573,2.940091137025713,3.043849581544802,0.38547574829640857,0.3758033862345244,0.39565915466581947,0.31660510374171197,0.3078991280600483,0.3258177354879761,0.0754767422579778,0.0740800751812691,0.07692708537916575,0.3876447429783041,0.37859701873459956,0.39713550048014484,0.3247083595251337,0.3196591389390985,0.3299196514702659,0.06557261721592761,0.06404610377472876,0.06717367507668293,0.03833706243149431,0.037260731765326516,0.039413393097662106
30,30,10,1,1,10,50,9,9,9,27,9,9,9,27,1,1,1,3,1,0.1,0.9,10,0.1,0.0,0.0,0.0,8.949368332421601,8.734047763477474,9.164688901365729,0.0,0.0,0.0,9.012045340146681,8.839770025622862,9.1843206546705,8.924068014286664,8.789302505554872,9.058833523018457,27.259078285391862,26.716569651139526,27.801586919644198,0.0,0.0,0.0,0.9982342345301701,0.9803535938816275,1.0161148751787128,0.0,0.0,0.0,1.0019381201984077,0.9732291492157076,1.0306470911811076,1.006362602299556,0.988239257525482,1.0244859470736298,2.995231511336613,2.9428910538300497,3.0475719688431764,0.29086625968595775,0.28472347628658295,0.2972799433225354,0.24713934169041687,0.24050993488220418,0.2541445731556944,0.0444599815832006,0.043383419368421744,0.04559133331817854,0.2909248920198488,0.28505124064506626,0.2970456963309588,0.25645597956700933,0.2509575611718892,0.2622007330915183,0.03450777810960109,0.03355287319909966,0.03551862781887201,2.9274322774563952,2.8488138605943654,3.006050694318425
30,30,10,1,1,20,40,9,9,9,27,9,9,9,27,1,1,1,3,1,0.1,0.9,1,0.1,0.0,0.0,0.0,9.027826948878529,8.862935879262652,9.192718018494405,0.0,0.0,0.0,9.00244066285608,8.81396868409393,9.190912641618228,8.965582137031308,8.75002314221927,9.181141131843347,26.986548623125184,26.41777390457628,27.55532334167409,0.0,0.0,0.0,0.9919302540815521,0.9729754355559119,1.0108850726071923,0.0,0.0,0.0,0.9976371874595865,0.9678469155772598,1.0274274593419133,1.001842592977032,0.9812128608062872,1.022472325147777,3.008835769243898,2.950003682087936,3.0676678563998596,0.3437543981160709,0.3355074424418868,0.35241699992317926,0.25271170817281885,0.24618420164478663,0.25959479284526926,0.09241128967733458,0.09001157272837143,0.09494246466662597,0.34066263014505915,0.3335980814321319,0.3480328616961422,0.2647862338905764,0.25809960603144905,0.27182853942753477,0.08026244899623784,0.07796794321679745,0.0826960988915047,0.3437550754063517,0.3348942262316611,0.3526159245810423
30,30,10,1,1,10,50,9,9,9,27,9,9,9,27,1,1,1,3,1,0.1,0.9,1,0.1,0.0,0.0,0.0,8.980099829247283,8.823718137311195,9.136481521183372,0.0,0.0,0.0,9.053153690335588,8.902457241006253,9.203850139664922,8.97862037845966,8.769633396814363,9.187607360104955,26.937683934695194,26.445059589457653,27.430308279932735,0.0,0.0,0.0,1.0079870334235457,0.9811290865665498,1.0348449802805415,0.0,0.0,0.0,0.9974552108833381,0.9777936890352579,1.0171167327314183,0.9943880040579052,0.9756616998383736,1.0131143082774368,2.9990473260745802,2.91072772422785,3.0873669279213103,0.40342804741483707,0.39500563935750865,0.412217449959979,0.3466694554965572,0.3392321916312631,0.3544401355124503,0.0551182755671782,0.05384230303374159,0.05645619291930727,0.40317296152066145,0.392848690904734,0.41405453283739346,0.3536564925732129,0.34366086452477784,0.36425099979250675,0.04645453961347538,0.04545230679123331,0.0475019678894159,0.4044560043851165,0.39271026530771014,0.4162017434625228
30,30,10,1,1,20,40,9,9,9,27,9,9,9,27,1,1,1,3,1,0.1,0.9,0.1,0.1,0.0,0.0,0.0,8.978025511712321,8.85315419452767,9.102896828896972,0.0,0.0,0.0,8.974212571310078,8.714547816371113,9.233877326249043,8.966643170098672,8.768339867705276,9.164946472492069,26.924935137565047,26.33808385020258,27.511786424927514,0.0,0.0,0.0,0.9992274314414245,0.9827549720052253,1.0156998908776236,0.0,0.0,0.0,1.0031288514621162,0.9853915569200056,1.0208661460042268,0.9968361522609898,0.9811538894581608,1.0125184150638187,2.982130273597733,2.91377170572376,3.050488841471706,0.3608026941630907,0.35427439502039676,0.36757610714143496,0.2638003353630099,0.2563647964129743,0.2716800747259739,0.09265741855051844,0.09041290662035234,0.0950162080247492,0.3601039058988904,0.3527228126269916,0.36780051585953566,0.27571185194839226,0.26996834234240763,0.2817050572567256,0.08249579760590976,0.08026656346990022,0.08485239347701631,0.03622751146203854,0.03521922615219832,0.037235796771878764
30,30,10,1,1,20,40,9,9,9,27,9,9,9,27,1,1,1,3,1,0.1,0.9,10,0.1,0.0,0.0,0.0,9.030908936906485,8.884344298238128,9.177473575574842,0.0,0.0,0.0,9.030628368336295,8.897820806472566,9.163435930200023,9.008393886200771,8.85387932869035,9.162908443711192,27.28645658587527,26.77656093538447,27.796352236366072,0.0,0.0,0.0,1.0000822449628413,0.9799729407792076,1.0201915491464748,0.0,0.0,0.0,0.9919782698166226,0.9708277608724452,1.0131287787608,1.0010477640612436,0.9790336463941799,1.0230618817283073,3.0179285331038255,2.9609512448263575,3.0749058213812934,0.25895186869100273,0.25457094347960507,0.26348621733504335,0.1804231206843601,0.17594283829319013,0.18513754084629905,0.07651278765146667,0.07450794464026704,0.07862850579515704,0.25889432696574055,0.25446807141872396,0.26347729020662186,0.19763795085559926,0.19259347254899392,0.20295379037625538,0.06189664287453039,0.060667795577579495,0.0631763008174602,2.602937266192666,2.5416605206330396,2.6642140117522923
30,30,10,1,1,25,35,9,9,9,27,9,9,9,27,1,1,1,3,1,0.1,0.9,1,0.1,0.0,0.0,0.0,8.831072010712404,8.567573303495246,9.094570717929562,0.0,0.0,0.0,8.990087708775082,8.843317872836831,9.136857544713333,9.054823646946145,8.930946705350463,9.178700588541828,27.142231954204604,26.71448168453879,27.56998222387042,0.0,0.0,0.0,0.9999918776236605,0.980589546841498,1.019394208405823,0.0,0.0,0.0,0.9867134166707623,0.9572193442463207,1.016207489095204,1.001303741735125,0.9800526931019876,1.0225547903682624,3.0047605474700387,2.9505337531710034,3.058987341769074,0.32331698833055006,0.3160601254496165,0.33091492311878556,0.21549850150913977,0.21016228801579356,0.22111275747840572,0.10868513497817117,0.10582425262273835,0.11170499907303963,0.32330870851423515,0.31608115904467426,0.3308745248501397,0.2265812383207841,0.22180581616947362,0.23156681220523223,0.09653525564109786,0.09380478640970481,0.09942944747738262,0.3240571708807235,0.3174291236783279,0.3306852180831191
30,30,10,1,1,25,35,9,9,9,27,9,9,9,27,1,1,1,3,1,0.1,0.9,0.1,0.1,0.0,0.0,0.0,9.026349479816467,8.761873628956716,9.290825330676219,0.0,0.0,0.0,8.989896146042684,8.844981366082385,9.134810926002983,8.996771976570757,8.780136149357325,9.21340780378419,27.087474659411455,26.642751760618367,27.532197558204544,0.0,0.0,0.0,1.0022476529132667,0.986158106912574,1.0183371989139594,0.0,0.0,0.0,0.995369012641694,0.9779275585167762,1.0128104667666118,1.008934887732894,0.9791963682353003,1.0386734072304877,3.0086081636919513,2.9235568044031504,3.093659522980752,0.33233590477722186,0.3238810382718625,0.34124402959797784,0.22575646463120747,0.22084472649817447,0.23089165330480074,0.1089575924977585,0.10620229215728154,0.11185966713940945,0.3313901295219917,0.3235500260333572,0.3396196235132563,0.2379668898588059,0.23255851703061112,0.2436328059674724,0.09789821887185197,0.09514690811460666,0.10081338399227989,0.03289924143476508,0.03223387404764302,0.033564608821887144
30,30,10,1,1,5,55,9,9,9,27,9,9,9,27,1,1,1,3,1,0.1,0.9,10,0.1,0.0,0.0,0.0,8.937600018609235,8.741526732716567,9.133673304501903,0.0,0.0,0.0,8.93229391590022,8.68437334580807,9.18021448599237,8.935269269048824,8.790479561160875,9.080058976936773,27.167847617421142,26.61292948066291,27.722765754179374,0.0,0.0,0.0,0.997301311157838,0.9751440476895094,1.0194585746261668,0.0,0.0,0.0,1.0029859332385587,0.9833882759301028,1.0225835905470144,0.9955951930450033,0.9756569019127773,1.0155334841772292,3.02461687058356,2.9633904138878417,3.085843327279278,0.31033589186164084,0.30533503462273764,0.31550328741024786,0.2860468415199333,0.2806902336656824,0.2916118746808983,0.02483622343092053,0.02429709524864077,0.0253998199691094,0.3105161306128183,0.30147831454977986,0.3201125705300218,0.289702831208869,0.28397123325281726,0.2956705652933683,0.02024657217122751,0.019774752479909397,0.02074145714734494,3.08429313504556,3.020202700250775,3.1483835698403446
30,30,10,1,1,25,35,9,9,9,27,9,9,9,27,1,1,1,3,1,0.1,0.9,10,0.1,0.0,0.0,0.0,9.093490149827275,8.94528114210447,9.24169915755008,0.0,0.0,0.0,9.016364767656263,8.771430925569168,9.261298609743358,8.994055411171146,8.835827880173646,9.152282942168647,27.256237582659157,26.573269639372835,27.93920552594548,0.0,0.0,0.0,0.9967781562729322,0.9794693665563164,1.014086945989548,0.0,0.0,0.0,0.9909818474453973,0.966878246220421,1.0150854486703738,1.0117098618136695,0.9816596723682602,1.0417600512590788,3.009545208847279,2.95240940693924,3.0666810107553184,0.244730979717589,0.24062916970333947,0.24897505526437663,0.15501019531656832,0.15155949257808668,0.15862168998917162,0.08929423583511045,0.08753644467494114,0.09112406892263966,0.24612079453250565,0.24122332134517704,0.25122125223301867,0.17019048972870165,0.1658226987021402,0.17479460182752243,0.07449052003947264,0.07288515765479989,0.07616819431495134,2.4757114666099915,2.4066220457417504,2.5448008874782326
30,30,10,1,1,5,55,9,9,9,27,9,9,9,27,1,1,1,3,1,0.1,0.9,0.1,0.1,0.0,0.0,0.0,8.964964616697568,8.707869145044953,9.222060088350183,0.0,0.0,0.0,9.096858918094298,8.842396194005781,9.351321642182816,9.026816277787653,8.858405439210527,9.195227116364778,27.06233812359632,26.51985563127464,27.604820615917998,0.0,0.0,0.0,0.9970389999583136,0.9792600740488537,1.0148179258677734,0.0,0.0,0.0,0.9919194420842117,0.9733866015161684,1.010452282652255,0.995321355042963,0.9754562477721407,1.0151864623137854,3.005338500896864,2.9500775980094733,3.0605994037842548,0.4493390497901715,0.44196166039183543,0.45696691247052607,0.41483711707735627,0.4068229418019683,0.4231733866030989,0.03276351961737044,0.031931366859197174,0.0336402058618682,0.4478898844055495,0.4403163585893671,0.455728502045071,0.42036912412773775,0.4102366843147742,0.4310147618783595,0.02918564927012363,0.02861932591672205,0.029774838064747348,0.0454934610811815,0.04446351082702638,0.04652341133533661
30,30,10,1,1,5,55,9,9,9,27,9,9,9,27,1,1,1,3,1,0.1,0.9,1,0.1,0.0,0.0,0.0,9.07121371434846,8.898755215649082,9.243672213047837,0.0,0.0,0.0,9.018671404412196,8.798772274400854,9.238570534423538,8.99101641427548,8.826191516729777,9.155841311821183,27.199216691763116,26.449689996930243,27.94874338659599,0.0,0.0,0.0,1.0007148240252468,0.9822641273913435,1.0191655206591501,0.0,0.0,0.0,1.0014256435765516,0.9840694845268861,1.018781802626217,1.006953872252252,0.9905914892938289,1.0233162552106752,2.9775062309752935,2.928634799287091,3.026377662663496,0.43240710416605116,0.42581474372227035,0.4392067971281048,0.40028441037811885,0.3935869761817344,0.4072137227720102,0.032108420247310844,0.03130759178894422,0.032951293560635066,0.4332256509472043,0.42186309808446204,0.4452172290770816,0.40444292787476344,0.39609646673400284,0.4131487102924774,0.02809227693810988,0.027311093545669688,0.028919464820508743,0.43387831499554336,0.42359258914172826,0.44416404084935845
30,30,10,1,1,30,30,9,9,9,27,9,9,9,27,1,1,1,3,1,0.1,0.9,0.1,0.1,0.0,0.0,0.0,8.928303919389252,8.764962781892823,9.091645056885682,0.0,0.0,0.0,9.004502967971575,8.849300282389857,9.159705653553294,8.966798380391408,8.831087448991054,9.102509311791762,26.945512067710247,26.366366591496032,27.524657543924462,0.0,0.0,0.0,0.987857144041651,0.9703399742633962,1.0053743138199058,0.0,0.0,0.0,1.0127112403497647,0.993129735309563,1.0322927453899664,1.0016856698172845,0.984087642006369,1.0192836976282,2.999065770100707,2.9475842431259185,3.0505472970754957,0.3144202759708998,0.3088264413661012,0.3202204932989816,0.1849336528711685,0.18057964045896652,0.18950281474029937,0.12711943314255905,0.12352286774978259,0.13093171906319787,0.3134767209805927,0.3058674404311407,0.32147426350083697,0.1971457343241482,0.19158594794751954,0.20303785271572264,0.11472264589590146,0.1122072524424184,0.11735340259118104,0.03146568214979504,0.03068336737220652,0.03224799692738356
30,30,10,1,1,30,30,9,9,9,27,9,9,9,27,1,1,1,3,1,0.1,0.9,1,0.1,0.0,0.0,0.0,8.919806340469226,8.730748941413513,9.108863739524939,0.0,0.0,0.0,9.021669022644163,8.890824195992144,9.152513849296183,9.004525837654962,8.873575020609747,9.135476654700176,27.188285764914134,26.70197054341809,27.67460098641018,0.0,0.0,0.0,0.991416646495729,0.9643413061655692,1.0184919868258888,0.0,0.0,0.0,1.0073852525232727,0.9907080772545651,1.0240624277919803,1.0006038306462086,0.9794468498059272,1.02176081148649,3.010137376092753,2.9543644151724084,3.065910337013097,0.295777255667383,0.2895958570174988,0.30222829256712136,0.1724012839692896,0.16818884726718358,0.17683014964319835,0.12562111742872498,0.12303242764293391,0.12832108431245876,0.29584107893918055,0.2886691714688472,0.30337843405921683,0.18610717202351948,0.18205787554219663,0.19034069335602824,0.11292757559411815,0.11063094326196864,0.1153215828026813,0.2978819589457716,0.290072280561099,0.30569163733044413
30,30,10,1,1,30,30,9,9,9,27,9,9,9,27,1,1,1,3,1,0.1,0.9,10,0.1,0.0,0.0,0.0,8.99800257146185,8.836871758283335,9.159133384640365,0.0,0.0,0.0,8.96864392579204,8.7956536009793,9.141634250604781,8.954952669246655,8.804468792766611,9.105436545726699,26.960628757474257,26.482570950933585,27.43868656401493,0.0,0.0,0.0,1.0008303620389312,0.9860865427590634,1.015574181318799,0.0,0.0,0.0,1.001276024072543,0.9716732665303697,1.030878781614716,1.0090764065987257,0.9881536715753674,1.029999141622084,2.976864431642999,2.9301735807600764,3.0235552825259218,0.23101132308235725,0.22716774256335598,0.23498720555266384,0.1269066130818446,0.12445075883786996,0.12946134391558706,0.1038518693581233,0.10128276195840695,0.10655470319843764,0.23043258508844217,0.22620335993787535,0.2348229672620227,0.1441855666714573,0.1403399648669713,0.14824786098846698,0.08918038670932,0.08743050128918961,0.0910017491829829,2.30913487480533,2.248421966325524,2.3698477832851363
30,30,10,1,1,35,25,9,9,9,27,9,9,9,27,1,1,1,3,1,0.1,0.9,0.1,0.1,0.0,0.0,0.0,9.030771287981835,8.819474160658922,9.242068415304749,0.0,0.0,0.0,8.941197494357265,8.761233160735301,9.121161827979229,9.010820935491074,8.828041842235688,9.19360002874646,26.882785081370752,26.252039150166816,27.51353101257469,0.0,0.0,0.0,0.9991258657636393,0.9767314456912287,1.0215202858360497,0.0,0.0,0.0,0.9954439645502617,0.9759233474996443,1.0149645816008792,0.9969684727669452,0.976406903414529,1.0175300421193616,3.034007325465987,2.9642864518084777,3.103728199123496,0.2846272741623591,0.2782551864548481,0.29129804539921994,0.14770124099193296,0.1440800620060479,0.15150913564813892,0.14187557571091045,0.13823150593513187,0.14571697808934028,0.28627489775245457,0.2811751129567325,0.29156309348033727,0.15914633338413772,0.15483632454115578,0.16370315855475542,0.13079232662608253,0.1275204212040177,0.13423655386661842,0.02851362918848194,0.02767494017365854,0.02935231820330534
30,30,10,1,1,35,25,9,9,9,27,9,9,9,27,1,1,1,3,1,0.1,0.9,1,0.1,0.0,0.0,0.0,8.959176657918551,8.79259134775227,9.125761968084833,0.0,0.0,0.0,9.050093535361318,8.85909689148106,9.241090179241576,8.996880944984575,8.84085893142523,9.15290295854392,26.962970369971796,26.21029709531599,27.7156436446276,0.0,0.0,0.0,0.9979560226833776,0.9815314616564552,1.0143805837103,0.0,0.0,0.0,1.0073082976697825,0.9858118197490465,1.0288047755905183,1.0156274397562348,0.9908730106442845,1.0403818688681852,2.9965584135953502,2.9382270551786287,3.054889772012072,0.28128974160826303,0.2767659176927365,0.28596390952485673,0.1407662257723318,0.13715064217774303,0.1445775998187789,0.13749059944431816,0.1341376338808272,0.14101548696494068,0.2808061345644471,0.2745740658784474,0.2873276747496036,0.15155237870619287,0.14716087954963578,0.15621403753969113,0.1265558378478174,0.12291414514168769,0.13041991091915414,0.27946047077675773,0.2745913214633344,0.28432962009018103
30,30,10,1,1,40,20,9,9,9,27,9,9,9,27,1,1,1,3,1,0.1,0.9,10,0.1,0.0,0.0,0.0,9.057135329903998,8.8064734377256,9.307797222082396,0.0,0.0,0.0,8.936930637677909,8.76283072836395,9.111030546991868,8.910398027086442,8.749846817869855,9.07094923630303,26.972248135387705,26.391158268283387,27.553338002492023,0.0,0.0,0.0,1.0017822853354557,0.983181319609062,1.0203832510618494,0.0,0.0,0.0,1.0045291461825294,0.9886519503236727,1.020406342041386,1.0110692689780527,0.9921509751033625,1.0299875628527428,2.9953894652036404,2.9076354685408745,3.083143461866406,0.20666815817051923,0.20375517085031788,0.20966564462310908,0.07846451220486725,0.07650949815371609,0.08052205744475122,0.1276309700768955,0.12508004301452438,0.13028811236536975,0.20776362498961856,0.20239035905715763,0.21342998210846376,0.08993656825552433,0.08737027087749674,0.09265818576681226,0.11602845378718152,0.11353803136163318,0.11863057972291068,2.067868219373375,2.0126847663103073,2.1230516724364423
30,30,10,1,1,35,25,9,9,9,27,9,9,9,27,1,1,1,3,1,0.1,0.9,10,0.1,0.0,0.0,0.0,9.020080054396804,8.869187402541263,9.170972706252345,0.0,0.0,0.0,8.981571714767659,8.719794921169088,9.24334850836623,9.001681549223218,8.82128017633878,9.182082922107655,27.102565329608417,26.61787100022247,27.587259658994366,0.0,0.0,0.0,0.9966830113792531,0.9794705339430319,1.0138954888154743,0.0,0.0,0.0,1.0042822966770195,0.9892898525496895,1.0192747408043494,1.0058103232158806,0.976318107055285,1.0353025393764763,3.0017642170084966,2.9568433693526264,3.046685064664367,0.2187925076563299,0.21454676362422195,0.22320968540208452,0.10234641691509173,0.09944507383524706,0.1054221429735327,0.11749984666233088,0.11449129057976072,0.12067078501409803,0.21900782475303637,0.2131738398139267,0.22517011493081138,0.11626552962081599,0.11378025784984681,0.11886179607345392,0.10347312764600695,0.10129366075266877,0.10574844510835443,2.1655599366791467,2.1125692047117686,2.218550668646525
30,30,10,1,1,40,20,9,9,9,27,9,9,9,27,1,1,1,3,1,0.1,0.9,0.1,0.1,0.0,0.0,0.0,8.938393660584412,8.767721557202355,9.109065763966468,0.0,0.0,0.0,8.956507534005619,8.79395041413225,9.119064653878986,8.957337386059748,8.7687083993708,9.145966372748697,26.956211336081235,26.184716888700127,27.727705783462344,0.0,0.0,0.0,1.0055006781987827,0.988458614207671,1.0225427421898945,0.0,0.0,0.0,0.9942061882877562,0.9786738124844919,1.0097385640910204,0.9835884103308913,0.9654045235266729,1.0017722971351095,3.0078454336344076,2.9545202144013336,3.0611706528674816,0.2699466143271024,0.26228764577449115,0.27806633066295544,0.11068627510215238,0.10783760575493129,0.11368953058630288,0.1565571415387628,0.15368030390410306,0.15954374050691078,0.267580265431972,0.26221719967599116,0.27316729078606417,0.11949829478989665,0.11633296397010254,0.12284069601259352,0.1473221926691283,0.14433669074082775,0.1504338091612859,0.02664060950157465,0.02619198971162574,0.027089229291523558
30,30,10,1,1,45,15,9,9,9,27,9,9,9,27,1,1,1,3,1,0.1,0.9,0.1,0.1,0.0,0.0,0.0,8.991346215095417,8.824010853283946,9.158681576906888,0.0,0.0,0.0,9.007326400644466,8.85920237154477,9.155450429744162,9.09729138919855,8.925606825733599,9.2689759526635,26.9819658770057,26.434185623516857,27.52974613049454,0.0,0.0,0.0,0.9965115651510839,0.9785916166029289,1.0144315136992388,0.0,0.0,0.0,1.0048145492070233,0.9804463297401739,1.0291827686738728,0.9971633185823403,0.9808327235928299,1.0134939135718506,3.0392913941997137,2.9498951366328097,3.128687651766618,0.24664030541292772,0.24004857183494216,0.2536042786895878,0.07886880172578918,0.07666699899542276,0.08120081119719992,0.16894427447959134,0.16671293029752987,0.1712361591388747,0.24537663622561218,0.2407210139466579,0.2502158925277595,0.08447180528428529,0.08201231968380916,0.08708336766464364,0.1616275216393734,0.157542200397793,0.1659303613100875,0.024462208429446457,0.023885499758872438,0.025038917100020475
30,30,10,1,1,40,20,9,9,9,27,9,9,9,27,1,1,1,3,1,0.1,0.9,1,0.1,0.0,0.0,0.0,9.017402444818414,8.761637273439636,9.273167616197192,0.0,0.0,0.0,8.998954847804432,8.854700356340473,9.143209339268392,8.985798961704635,8.7259027109205,9.24569521248877,26.6940223120018,25.955826827608874,27.432217796394724,0.0,0.0,0.0,0.998678862357625,0.9810180824785429,1.0163396422367073,0.0,0.0,0.0,0.9963039917971922,0.9774938452269217,1.0151141383674627,1.000043917220499,0.9845405354583848,1.015547298982613,3.0204027864143073,2.946935588055863,3.0938699847727515,0.2599646981741391,0.2538375055733323,0.26639500685208345,0.10646682346570131,0.10376651194084881,0.1093114301614663,0.15288850855289263,0.14963387055777405,0.15628787566420924,0.26139222756592817,0.25686111536821593,0.26608607092910064,0.1166082725222766,0.11409809439987485,0.11923138391588516,0.14292830774055093,0.1397473268100879,0.14625747510178935,0.26065006590568524,0.25342263794916475,0.2678774938622057
30,30,10,1,1,45,15,9,9,9,27,9,9,9,27,1,1,1,3,1,0.1,0.9,1,0.1,0.0,0.0,0.0,9.066793200040404,8.867482329247574,9.266104070833235,0.0,0.0,0.0,9.039852891561178,8.830693455384221,9.249012327738136,8.94532270281343,8.775571730337,9.115073675289858,26.965620323325524,26.325468363429835,27.605772283221214,0.0,0.0,0.0,0.9972256285647763,0.9706921794575752,1.0237590776719772,0.0,0.0,0.0,0.9941994209429136,0.9779672417546774,1.0104316001311497,0.9964491597751541,0.9737564898216293,1.019141829728679,3.0030399188655563,2.9500665664857157,3.056013271245397,0.23723993826196133,0.23148654856110168,0.24328660780896402,0.07367061988846949,0.07188044662355648,0.07555223866114964,0.1657338917465368,0.162573048265403,0.16902008236185953,0.23796077654372624,0.23316119061777063,0.24296211289170852,0.08122673727153042,0.0791827876508514,0.08337900405535466,0.158803512784536,0.15580296537728894,0.16192190236814052,0.23995725767368714,0.23422249409679619,0.2456920212505781
30,30,10,1,1,45,15,9,9,9,27,9,9,9,27,1,1,1,3,1,0.1,0.9,10,0.1,0.0,0.0,0.0,8.918946606812879,8.752967994290502,9.084925219335256,0.0,0.0,0.0,9.010749665230383,8.8685932544661,9.152906075994666,9.005594919684249,8.834790742379596,9.176399096988902,26.90551092755486,26.464945313051448,27.346076542058274,0.0,0.0,0.0,1.0007155989010932,0.9833796710950466,1.0180515267071397,0.0,0.0,0.0,0.9961799113712362,0.976013168313074,1.0163466544293984,0.9852070321551177,0.961670823068786,1.0087432412414494,3.0051812094402384,2.9483198508495043,3.0620425680309724,0.19518232407103753,0.19220260825969984,0.19825588377411002,0.05440837221587678,0.05321097429064539,0.05566090043175673,0.14014756521653432,0.1380238721235731,0.14233763161945379,0.19517999153373788,0.19209688776798858,0.19836367557071505,0.06414416996385121,0.06245657691486753,0.06592549406172864,0.13092202930954988,0.12867360279702814,0.13325043074369378,1.9744997044551327,1.9211038849470583,2.027895523963207
30,30,10,1,1,50,10,9,9,9,27,9,9,9,27,1,1,1,3,1,0.1,0.9,1,0.1,0.0,0.0,0.0,8.98592092370607,8.798756450788655,9.173085396623485,0.0,0.0,0.0,8.870576099407325,8.6234705485045,9.11768165031015,8.959411364042515,8.796876146171268,9.121946581913761,27.039432353079402,26.587574606234597,27.491290099924207,0.0,0.0,0.0,1.0136832793977089,0.98420537735948,1.0431611814359376,0.0,0.0,0.0,1.002203534893153,0.9824094172817269,1.021997652504579,1.0012806465939954,0.984767128788984,1.017794164399007,3.0073332953728964,2.9547221053160926,3.0599444854297,0.2242006085916701,0.22043841963684904,0.22809344469396298,0.04524741086768686,0.04411506079392979,0.04643942291566819,0.1782351349038339,0.17366323066137007,0.18305427014087247,0.2234783104253307,0.22006990096599618,0.22699395864649313,0.05091305831583616,0.04944638735118878,0.05246939732692256,0.1727382767417265,0.16959345143114524,0.17600193663165611,0.2238005832092896,0.21929868544655357,0.22830248097202566
30,30,10,1,1,50,10,9,9,9,27,9,9,9,27,1,1,1,3,1,0.1,0.9,10,0.1,0.0,0.0,0.0,9.00262291232907,8.821309801720155,9.183936022937985,0.0,0.0,0.0,9.000517429124082,8.732318399162589,9.268716459085576,9.068729248001057,8.908175779916009,9.229282716086106,26.63323950955855,26.11151305488152,27.15496596423558,0.0,0.0,0.0,1.002113594759576,0.9813465064254472,1.022880683093705,0.0,0.0,0.0,1.0074731447000413,0.9922709881123353,1.0226753012877474,1.0045519118396422,0.9822149659366114,1.026888857742673,3.008885038637138,2.9566260129370567,3.0611440643372196,0.18238832032230742,0.17736936915997295,0.18769958143158083,0.034183065966143525,0.033492168567398395,0.03490306828665455,0.1499475807423506,0.14774749698574383,0.15221417710029733,0.18458181548315042,0.18179980780572555,0.18745029016789752,0.04088166429314141,0.040021515176184456,0.04177959843027784,0.1438994799814081,0.14162922148106824,0.14624370679419985,1.8531615541425976,1.8107256366577449,1.8955974716274504
30,30,10,1,1,50,10,9,9,9,27,9,9,9,27,1,1,1,3,1,0.1,0.9,0.1,0.1,0.0,0.0,0.0,9.038766553518926,8.875494027425718,9.202039079612133,0.0,0.0,0.0,9.050782382001698,8.910874372752353,9.190690391251042,9.001645940884563,8.852739573077686,9.15055230869144,27.06219648072735,26.297677145069212,27.82671581638549,0.0,0.0,0.0,0.9893112281307679,0.974744426567624,1.0038780296939118,0.0,0.0,0.0,1.0082872541718242,0.9894965977871164,1.027077910556532,1.0048936300107976,0.9751343730564623,1.0346528869651328,2.997923429562355,2.941430802644363,3.0544160564803473,0.2273784453714363,0.22358935180246012,0.23129817782309486,0.047430138853662575,0.04666825391023814,0.04821731304039164,0.1791348836566053,0.1763112667435466,0.18205041273147496,0.2271071395259982,0.22321272769719805,0.23113985666169667,0.05175690743010949,0.0504937697667607,0.0530848631422381,0.17707326380619556,0.1726128465817641,0.18177031539733876,0.022690117827688126,0.02204235605440224,0.023337879600974012
30,30,10,1,1,55,5,9,9,9,27,9,9,9,27,1,1,1,3,1,0.1,0.9,0.1,0.1,0.0,0.0,0.0,8.993533041560829,8.83442322333826,9.152642859783398,0.0,0.0,0.0,8.963139776935607,8.834463682628778,9.091815871242437,8.92623574399191,8.777250632545385,9.075220855438435,26.83059310174085,26.275021587422277,27.38616461605942,0.0,0.0,0.0,0.9940376905688186,0.9725513854638287,1.0155239956738085,0.0,0.0,0.0,0.9918432838042094,0.9756471625582929,1.008039405050126,1.0009840739610982,0.9826830578237884,1.019285090098408,3.016187813839301,2.955284361321928,3.0770912663566734,0.2126264559024251,0.20967464836752217,0.21566256150219607,0.02034963064750478,0.019816732383692845,0.020911981618471145,0.19200646728447993,0.18894288605152496,0.1951710337237232,0.21264069485950002,0.2097353017013851,0.21562771363416794,0.022509417310650263,0.021977528042419515,0.023067690143076778,0.1898446483498261,0.1862820343406755,0.19354618813441063,0.02140949745262068,0.020860211844321335,0.021958783060920025
30,30,10,1,1,55,5,9,9,9,27,9,9,9,27,1,1,1,3,1,0.1,0.9,10,0.1,0.0,0.0,0.0,9.00542617712102,8.830202029280894,9.180650324961146,0.0,0.0,0.0,8.975339021246503,8.783245607782966,9.16743243471004,8.97897506221796,8.787917392452394,9.170032731983527,27.060098460562024,26.56205361751498,27.558143303609068,0.0,0.0,0.0,0.9988161299271421,0.976514704011078,1.0211175558432062,0.0,0.0,0.0,1.0008356462461265,0.9801058590488264,1.0215654334434265,1.0051101793189632,0.9894593671002676,1.0207609915376588,2.9824974304514957,2.916096417685814,3.0488984432171775,0.17358378493711785,0.1689937230599988,0.17843015093647108,0.015181609492745883,0.014808424232807689,0.015574090205775902,0.15883062207620988,0.15457661188030186,0.16332540248955846,0.17397866876461446,0.17152874939886215,0.1764995858406953,0.01790076888871555,0.01752940402877737,0.01828820922882251,0.1561983571857712,0.15176031405643048,0.1609037899866659,1.7463975232214797,1.7067615105568574,1.786033535886102
30,30,10,1,1,55,5,9,9,9,27,9,9,9,27,1,1,1,3,1,0.1,0.9,1,0.1,0.0,0.0,0.0,8.975804212232726,8.779653603542972,9.17195482092248,0.0,0.0,0.0,9.000581929787419,8.860072942006912,9.141090917567926,9.005978447761903,8.874980051877607,9.136976843646199,26.730043810812898,26.056237069356037,27.40385055226976,0.0,0.0,0.0,0.9946431917886887,0.9759053520566281,1.0133810315207492,0.0,0.0,0.0,1.0099647154205946,0.9919491413043822,1.027980289536807,1.000074216740426,0.9781593062237455,1.0219891272571064,3.010390008331475,2.9636085562696834,3.057171460393267,0.20893225728682724,0.20578121601479715,0.21218130036052027,0.019531991504748974,0.01902957375556859,0.02006165829254105,0.1909002190475613,0.18537762180903053,0.1967619681149816,0.209424142926731,0.2035240371569467,0.21567654659738483,0.021617162714593848,0.021322651965394096,0.021919923035688942,0.1856827683964752,0.18269014668941166,0.18877506631980792,0.20948477811821314,0.20387072108840698,0.2150988351480193
30,30,10,1,1,1,59,9,9,9,27,9,9,9,27,1,1,1,3,1,0.1,0.9,1,0.1,0.0,0.0,0.0,8.959324240262067,8.781673055126696,9.136975425397438,0.0,0.0,0.0,9.060452019687585,8.814766696180332,9.306137343194838,9.03430257901123,8.890571406809224,9.178033751213237,26.768264254833266,26.025110554759944,27.511417954906587,0.0,0.0,0.0,0.9970568993270358,0.978366492498798,1.0157473061552735,0.0,0.0,0.0,1.0065733221497177,0.9788785334789717,1.0342681108204639,1.009411705526809,0.9866866566461305,1.0321367544074875,2.9779911039864357,2.921238246162894,3.0347439618099776,0.4678195283730994,0.45499335860830487,0.4813898086688703,0.45639137085309944,0.4455391109475854,0.4677854992083928,0.007579568308373718,0.007401457735938946,0.007766462447566383,0.46616424438979426,0.4601737558320498,0.47231275705695086,0.4573112320590763,0.4442029684371384,0.47121665961396425,0.0073761679136180635,0.007228564080363962,0.007529925401413636,0.4659457537547352,0.4545253448135715,0.4773661626958989
30,30,10,1,1,1,59,9,9,9,27,9,9,9,27,1,1,1,3,1,0.1,0.9,10,0.1,0.0,0.0,0.0,8.95772914858513,8.78683273080553,9.12862556636473,0.0,0.0,0.0,8.985934836655515,8.781378900326816,9.190490772984214,9.080010105284805,8.889639860139775,9.270380350429834,27.09433256500565,26.576402051916652,27.61226307809465,0.0,0.0,0.0,1.0049417174241444,0.9847731210680175,1.0251103137802713,0.0,0.0,0.0,1.0057115968435582,0.9830898804739118,1.0283333132132044,1.004471073012418,0.9745867126540779,1.034355433370758,2.9903822753745497,2.9224378763930967,3.0583266743560027,0.32865111073574205,0.32019467236785726,0.3375663401152539,0.3229574794310289,0.31430091862109943,0.3321043882100337,0.005486934266716338,0.005340324819015953,0.005641820767977927,0.3281115226353645,0.32038478602723264,0.3362201618282683,0.32204664754178164,0.3127166764401754,0.33195046291029245,0.005243939188967141,0.005145709809444414,0.005345991866523563,3.3297210974991187,3.237850532247147,3.4215916627510903
30,30,10,1,1,1,59,9,9,9,27,9,9,9,27,1,1,1,3,1,0.1,0.9,0.1,0.1,0.0,0.0,0.0,8.913432158239353,8.65548646345169,9.171377853027016,0.0,0.0,0.0,8.976581398202018,8.71375267865944,9.239410117744598,8.976512051347816,8.808716333933612,9.14430776876202,26.90643653930933,26.506870198593187,27.30600288002547,0.0,0.0,0.0,1.0000283974998574,0.9836903717349006,1.0163664232648142,0.0,0.0,0.0,1.001732081196868,0.9790885794569372,1.0243755829367986,1.0003965176327516,0.9848344993328072,1.015958535932696,2.997532356548757,2.946482294300628,3.0485824187968857,0.4855181743000355,0.47880025380467783,0.492427292188719,0.47741541617216005,0.47028862234123714,0.4847615337347982,0.007774451328898766,0.0075822545193482815,0.007976645249446749,0.4855491409231859,0.4789114723596545,0.4923733904217815,0.47733119262611856,0.47017514079191414,0.48470844086053666,0.007646616856046938,0.007457937423788418,0.007845090940854282,0.048322730432040925,0.046909719964995295,0.049735740899086556
30,30,10,1,1,59,1,9,9,9,27,9,9,9,27,1,1,1,3,1,0.1,0.9,10,0.1,0.0,0.0,0.0,8.920938804312513,8.740108062477109,9.101769546147917,0.0,0.0,0.0,8.944104847090545,8.74096931550754,9.14724037867355,8.99866729528844,8.812624405499092,9.184710185077789,27.03609782973703,26.44425343110871,27.627942228365352,0.0,0.0,0.0,0.9967172995768839,0.9737197332630707,1.0197148658906972,0.0,0.0,0.0,0.9967408837948556,0.9789329244663776,1.0145488431233336,1.0052761944464184,0.9756702720153989,1.0348821168774378,2.9912172340331034,2.9094504599323443,3.0729840081338624,0.16869366535169986,0.16455485904240771,0.1730460377894933,0.002807008440149669,0.0027486897733988397,0.0028678554323669668,0.16512334268910583,0.16301801843424243,0.167283757566132,0.16883570676188075,0.16469768278522703,0.17318702519317425,0.0029570402813866603,0.0029033494923652483,0.003012754260639491,0.16549998864559445,0.16089212146677925,0.1703795714880808,1.6754378333327535,1.639948189843305,1.710927476822202
30,30,10,1,1,59,1,9,9,9,27,9,9,9,27,1,1,1,3,1,0.1,0.9,1,0.1,0.0,0.0,0.0,8.951966452070259,8.768209277483493,9.135723626657025,0.0,0.0,0.0,9.007430390118056,8.831832777898025,9.183028002338087,8.898845207034563,8.722992050273009,9.074698363796118,26.879638760172377,26.402130770313452,27.3571467500313,0.0,0.0,0.0,0.9985535307140571,0.9793995948267314,1.0177074666013826,0.0,0.0,0.0,1.0099566349002183,0.9857740693696403,1.034139200430796,1.0057850889718192,0.9916946965159007,1.0198754814277378,3.0025888092664013,2.9427505193162804,3.062427099216522,0.19801037062221827,0.19263952214687988,0.20368928998607738,0.003335768417425651,0.0032618191339684093,0.003413148516305275,0.19557713304212776,0.19075278731792714,0.2006518365003804,0.19794032240691006,0.19232067590674887,0.20389826834641717,0.003452982550321217,0.003384960406385,0.003523794623824747,0.1941062240546452,0.18875313594012305,0.19977180447984647,0.19736724048436305,0.19212484988069084,0.20260963108803526
30,30,10,1,1,59,1,9,9,9,27,9,9,9,27,1,1,1,3,1,0.1,0.9,0.1,0.1,0.0,0.0,0.0,9.079586456285348,8.90820883057277,9.250964081997926,0.0,0.0,0.0,8.944105197255164,8.76530423220222,9.122906162308107,9.006812509226997,8.81428369308839,9.199341325365603,27.127236747954907,26.661915793626726,27.592557702283088,0.0,0.0,0.0,0.9974771010964957,0.969728729646213,1.0252254725467784,0.0,0.0,0.0,1.0078544196746524,0.9808586928092928,1.034850146540012,0.985535584551054,0.9583765538059265,1.0126946152961813,2.994069993873609,2.935519672717799,3.0526203150294187,0.20111181065246578,0.19869154168403938,0.20359176947563742,0.0035004651059259337,0.0034366100394270837,0.0035667380590191557,0.19748763438455583,0.1920212880610393,0.20327432539420418,0.20098396851401149,0.19523484520257178,0.20708195630474038,0.0035264824271222946,0.00346622600003058,0.003588870897338943,0.1973911857568138,0.19192990262332355,0.20317236843743158,0.020079445131862328,0.019477703367578137,0.02068118689614652
30,30,100,1,1,10,50,9,9,9,27,9,9,9,27,1,1,1,3,1,0.1,0.9,10,0.1,0.0,0.0,0.0,9.003868815787788,8.810331860583558,9.197405770992019,0.0,0.0,0.0,9.068345836278247,8.89452354601064,9.242168126545854,8.975055261095253,8.70953394187862,9.240576580311886,26.955282640628607,26.356866679182897,27.553698602074316,0.0,0.0,0.0,1.0034063383192882,0.9828928155087403,1.0239198611298361,0.0,0.0,0.0,1.0050064427521905,0.9829761538701746,1.0270367316342064,1.0064502831664268,0.9838735512545216,1.029027015078332,2.9936789220506017,2.9329775985713984,3.054380245529805,2.893375887101634,2.8113214624972795,2.980364184796216,2.4424692430618524,2.3923956118379572,2.4946837998841054,0.4421840290313281,0.43064577096371354,0.45435759615515553,2.8767156613522538,2.7941477230938,2.9643120073797715,2.5338007318618496,2.477894197166902,2.5922882381034547,0.34623605463990115,0.33673256567533133,0.3562915501890175,28.64624732599524,28.05751429632218,29.234980355668302
30,30,100,1,1,5,55,9,9,9,27,9,9,9,27,1,1,1,3,1,0.1,0.9,10,0.1,0.0,0.0,0.0,9.00397785764912,8.806714527551987,9.201241187746254,0.0,0.0,0.0,8.895792935115987,8.72735579713756,9.064230073094413,8.980441107605355,8.816116163123091,9.144766052087618,27.28410462071669,26.792281331304828,27.77592791012855,0.0,0.0,0.0,1.0012059373693498,0.9825520262344201,1.0198598485042796,0.0,0.0,0.0,1.008566435342502,0.9790038116423542,1.0381290590426497,1.005409427267491,0.9780400965999568,1.032778757935025,3.022299438902829,2.9678209322534332,3.076777945552225,3.1148490987704385,3.0378649619455103,3.1958364749506267,2.880667754906592,2.8004178126381936,2.9656527382025915,0.25030900431190206,0.244295574604095,0.25662595098583746,3.111658831017759,3.034606777064703,3.192725700975394,2.922132385582356,2.8523177183425097,2.9954504364105006,0.20245750561704962,0.19698529233849021,0.2082424402858455,30.91655989722047,30.010796004783423,31.822323789657517
30,30,100,1,1,5,55,9,9,9,27,9,9,9,27,1,1,1,3,1,0.1,0.9,0.1,0.1,0.0,0.0,0.0,9.09261627682063,8.884247639409995,9.300984914231265,0.0,0.0,0.0,8.965616906063433,8.766046732894402,9.165187079232464,8.964758841425953,8.824149917159348,9.105367765692558,26.985186285840108,26.456409545070716,27.5139630266095,0.0,0.0,0.0,1.0067888923851285,0.9867580427658589,1.026819742004398,0.0,0.0,0.0,1.0022625758027168,0.9848103383147703,1.0197148132906635,1.0104582183763167,0.9944777221694892,1.0264387145831442,2.9885042046525765,2.934657488161992,3.042350921143161,4.550542047838145,4.4286694003232006,4.679312138192767,4.189750306020678,4.07594786246231,4.310090114966023,0.3254213082170886,0.3176275718611069,0.33360714071897707,4.55847282053192,4.435916550633012,4.687993516453214,4.181244524551812,4.09438086317934,4.271873757118155,0.29299280000788536,0.28481402101691633,0.3016551936337305,0.45124702596407934,0.43899351180645446,0.4635005401217042
30,30,100,1,1,10,50,9,9,9,27,9,9,9,27,1,1,1,3,1,0.1,0.9,1,0.1,0.0,0.0,0.0,9.029262001794194,8.84775201023703,9.210771993351358,0.0,0.0,0.0,8.946609169958744,8.7979908143338,9.095227525583688,9.002219937359696,8.8212361984097,9.183203676309692,26.831238918656357,26.221213680471806,27.44126415684091,0.0,0.0,0.0,0.9872648096763604,0.9684185601016605,1.0061110592510605,0.0,0.0,0.0,0.9987481920390143,0.9828399563556717,1.0146564277223569,1.0014810546814081,0.9851204328432159,1.0178416765196003,3.002657424223632,2.9169529709427753,3.0883618775044885,3.9934889345428113,3.922603800547737,4.066983138751207,3.4157494559603827,3.3528620838334726,3.4810409934196014,0.5509676168715837,0.5403350426812462,0.5620270406261119,3.993306303663888,3.9224163187962695,4.06680584615559,3.5022679779018158,3.4206743131635506,3.5878492828479085,0.47019860566948624,0.45682409302364424,0.48437987333970506,4.036708332956257,3.9418775369141708,4.131539128998344
30,30,100,1,1,15,45,9,9,9,27,9,9,9,27,1,1,1,3,1,0.1,0.9,0.1,0.1,0.0,0.0,0.0,9.110225538398852,8.895456301603488,9.324994775194217,0.0,0.0,0.0,8.999633724626298,8.810318972517154,9.188948476735442,8.973241240000164,8.71308267567883,9.233399804321497,27.043848681495227,26.52899628709743,27.558701075893023,0.0,0.0,0.0,1.0020697092792676,0.9745215748545792,1.029617843703956,0.0,0.0,0.0,0.9986477905053983,0.9785243906879537,1.018771190322843,1.0010678409493259,0.9800844052195299,1.0220512766791219,3.000419978680399,2.9310047040299856,3.069835253330812,3.8752714878399885,3.7667266289047223,3.990257790717705,3.1539225549744745,3.0800700444544953,3.2314036740356094,0.7489499331311363,0.7291319882294026,0.7698752886186964,3.870481256651445,3.807911052924351,3.9351420740514116,3.2510368950841384,3.178991032247933,3.3264240504561218,0.6517177640362302,0.6344455325798041,0.6699567579204585,0.38863081913621966,0.37812241002816366,0.39913922824427567
30,30,100,1,1,10,50,9,9,9,27,9,9,9,27,1,1,1,3,1,0.1,0.9,0.1,0.1,0.0,0.0,0.0,8.910660204919333,8.721943954229852,9.099376455608814,0.0,0.0,0.0,8.919957171005585,8.76897807738784,9.07093626462333,9.12221245988058,8.93015636780181,9.314268551959348,26.74764937464542,26.269205877659203,27.226092871631636,0.0,0.0,0.0,1.0002858476788792,0.9830288590105795,1.017542836347179,0.0,0.0,0.0,1.0042607570689308,0.9781888076640777,1.030332706473784,0.9997347729971521,0.9808344460389987,1.0186350999553055,3.005617662749464,2.9478560278094466,3.063379297689482,4.14002444501189,4.050176049781684,4.233949641370491,3.6492841534444223,3.560717537309276,3.7423690325650827,0.5606794547429743,0.5453051335259834,0.5769458537459438,4.173911448570586,4.08522841429864,4.266530222247362,3.6967258779960854,3.6192509637186734,3.77759025691412,0.485057231401326,0.4735360395438878,0.4971530275706411,0.41782878222768827,0.4060939571338485,0.42956360732152804
30,30,100,1,1,1,59,9,9,9,27,9,9,9,27,1,1,1,3,1,0.1,0.9,0.1,0.1,0.0,0.0,0.0,9.091247096488587,8.895200309730322,9.287293883246852,0.0,0.0,0.0,9.019357543412152,8.844137077158239,9.194578009666065,9.056034040620473,8.89919475116967,9.212873330071275,26.91401579546886,26.254446691046116,27.573584899891603,0.0,0.0,0.0,1.007520422595027,0.9842772072890961,1.030763637900958,0.0,0.0,0.0,0.9906619016661967,0.9653108222431993,1.0160129810891942,1.00223063324124,0.9831195853418108,1.0213416811406695,2.998290381120931,2.940373212536324,3.056207549705538,4.839616398397493,4.749393531892841,4.933333520092575,4.756276645454411,4.670181547507343,4.845605698944019,0.07759788014154469,0.0751529766902331,0.08020720970456445,4.836652106101137,4.745596042503948,4.93127080177599,4.780882405111514,4.701304673733554,4.863200504066463,0.07740153734872608,0.0744715999243664,0.08057146174041861,0.4850947011840375,0.47269433784881715,0.4974950645192579
30,30,100,1,1,1,59,9,9,9,27,9,9,9,27,1,1,1,3,1,0.1,0.9,1,0.1,0.0,0.0,0.0,8.960250564878205,8.813912628577409,9.106588501179,0.0,0.0,0.0,8.957737107923215,8.756431912064425,9.159042303782005,9.009511529651014,8.837688678346588,9.181334380955441,26.906955714810604,26.340826242773666,27.47308518684754,0.0,0.0,0.0,0.9985046334887021,0.9808136754266376,1.0161955915507666,0.0,0.0,0.0,1.0001148858753457,0.9779860095578943,1.0222437621927971,0.9930485187958905,0.9755973911063097,1.0104996464854712,2.979024606616048,2.926238742966033,3.031810470266063,4.688040793627479,4.615307160754566,4.7631035825694905,4.629678267169003,4.546659933905135,4.715784681544454,0.07660105769894505,0.07284477046999766,0.08076579777225798,4.710224480087469,4.573692342897216,4.855158849165479,4.634410273526893,4.500322136237825,4.776734171229158,0.07441711970375559,0.07103771667486591,0.07813411213493,4.674397953285489,4.568945453281128,4.779850453289849
30,30,100,1,1,5,55,9,9,9,27,9,9,9,27,1,1,1,3,1,0.1,0.9,1,0.1,0.0,0.0,0.0,8.951948314385819,8.689347197067024,9.214549431704613,0.0,0.0,0.0,9.00441065556752,8.76546167093895,9.24335964019609,9.009602217507396,8.810916918321713,9.20828751669308,27.011619423988595,26.522439244106483,27.500799603870707,0.0,0.0,0.0,0.9934569893452627,0.9712090724403336,1.015704906250192,0.0,0.0,0.0,1.002885314465312,0.9868670738900245,1.0189035550405996,0.9961326845936744,0.9727795933376906,1.0194857758496583,3.0045711721403876,2.9492367115068667,3.0599056327739085,4.294512083444761,4.183662932708593,4.411395162996098,3.984421874177861,3.9080794632199485,4.0638063329753695,0.3151288372567487,0.30692368963711875,0.3237847399383525,4.3265876906336,4.208301737887517,4.45171545884058,4.0223871876134885,3.9107975973197067,4.140531952901062,0.27643425079704514,0.269675442270237,0.2835405572516309,4.30799299104352,4.21562856722568,4.400357414861359
30,30,100,1,1,1,59,9,9,9,27,9,9,9,27,1,1,1,3,1,0.1,0.9,10,0.1,0.0,0.0,0.0,9.10318516476776,8.913368844753176,9.293001484782344,0.0,0.0,0.0,9.04917528589153,8.888573953984382,9.20977661779868,8.96406789800963,8.706033244899746,9.222102551119512,27.01244181512117,26.580931522060887,27.443952108181456,0.0,0.0,0.0,1.0031483219843684,0.9847999594402032,1.0214966845285338,0.0,0.0,0.0,1.007169638064428,0.9847160112219391,1.0296232649069168,0.9929077595629409,0.9789031633631278,1.006912355762754,3.019716098609743,2.9564289305906577,3.083003266628828,3.253416266759603,3.202675853713624,3.3057903360555536,3.1988889349849754,3.1304225550751794,3.27041717790638,0.05487723760475393,0.05303866283818782,0.05684785734622418,3.2490814837860316,3.2048413250850967,3.2945601357601446,3.186695099942332,3.133764256835974,3.241444719837766,0.05299025017931508,0.05131044299517157,0.054783767459240726,32.825939594840456,32.14052723419055,33.51135195549036
30,30,100,1,1,15,45,9,9,9,27,9,9,9,27,1,1,1,3,1,0.1,0.9,10,0.1,0.0,0.0,0.0,9.091719862248723,8.880328193880958,9.303111530616489,0.0,0.0,0.0,9.039340000413363,8.8230079874086,9.255672013418126,9.040983958112557,8.817759445257417,9.264208470967697,27.129846742222423,26.498668497908792,27.761024986536054,0.0,0.0,0.0,0.9951742475145581,0.9684496705074461,1.02189882452167,0.0,0.0,0.0,1.0079889493909995,0.9782659135577797,1.0377119852242194,1.0035585449066,0.9856408997668694,1.0214761900463305,3.0019358527436775,2.948198331649804,3.0556733738375508,2.7279355139937755,2.6755388893314307,2.782425358160822,2.1234800577971575,2.06239984295222,2.1882886052813273,0.6062986629467351,0.5951990984308394,0.6178200745119403,2.7293012673861834,2.6747081921756766,2.7861693600885875,2.2578646399045845,2.2029679180774746,2.315567274378001,0.47852485565586306,0.46543874215219977,0.49236810576395984,27.209713008220703,26.524214052386508,27.895211964054898
30,30,100,1,1,15,45,9,9,9,27,9,9,9,27,1,1,1,3,1,0.1,0.9,1,0.1,0.0,0.0,0.0,8.989517602604622,8.783849826490286,9.195185378718957,0.0,0.0,0.0,8.970976963347475,8.79924499258207,9.14270893411288,9.031848276348807,8.865594109055184,9.19810244364243,26.97261227090609,26.391479394572023,27.553745147240157,0.0,0.0,0.0,1.0027409965418996,0.9805487267267332,1.024933266357066,0.0,0.0,0.0,1.004541857249359,0.9904011777513794,1.0186825367473387,1.00192327201806,0.9842596661790016,1.0195868778571184,3.0066149525188237,2.943497608379945,3.0697322966577025,3.7212377955419584,3.639779985505752,3.806425101946784,3.005025857863305,2.9317581285921963,3.0820495277902364,0.7428037920134024,0.7255134459346795,0.7609383807257892,3.74524639536591,3.6793418790689416,3.813554941306833,3.1056963851135677,3.029250994784788,3.1860999755309014,0.6333415992468157,0.6158527734364303,0.6518527427601291,3.757598499730787,3.658004013040406,3.8571929864211683
30,30,100,1,1,25,35,9,9,9,27,9,9,9,27,1,1,1,3,1,0.1,0.9,10,0.1,0.0,0.0,0.0,9.069259823636884,8.91950206759987,9.219017579673897,0.0,0.0,0.0,9.000628422734748,8.737203659728163,9.264053185741332,9.03954662599012,8.87489750993317,9.20419574204707,26.78588589781933,26.19342170892836,27.378350086710302,0.0,0.0,0.0,0.996217748380079,0.9770940458774324,1.0153414508827256,0.0,0.0,0.0,1.0001412504779867,0.9780737209605361,1.0222087799954374,0.991046645331027,0.9721355863786526,1.0099577042834014,3.009917395939889,2.9216888814438318,3.0981459104359463,2.444109394244386,2.3899103552270544,2.500823757659914,1.541150127104789,1.4994212410573986,1.585268131713131,0.9047626387241209,0.8812295475414016,0.9295871107362896,2.4424563301724986,2.3928240905695564,2.4941911370125096,1.6867163446389017,1.6434227265460817,1.7323526953995607,0.7539151206742436,0.7369250396609114,0.7717071153865074,24.507028330531256,23.968732759341428,25.045323901721083
30,30,100,1,1,20,40,9,9,9,27,9,9,9,27,1,1,1,3,1,0.1,0.9,0.1,0.1,0.0,0.0,0.0,8.92174976825674,8.789686200584493,9.053813335928988,0.0,0.0,0.0,9.083696104595857,8.915400383157037,9.251991826034677,9.007301019608594,8.808537434523574,9.206064604693614,27.132912684590934,26.613710470213565,27.652114898968303,0.0,0.0,0.0,0.991352692304451,0.9727873453438544,1.0099180392650475,0.0,0.0,0.0,1.001886355695442,0.984030732377838,1.019741979013046,1.0011627141795716,0.9736674658822391,1.028657962476904,2.99353636616966,2.941585589830032,3.0454871425092884,3.5820314337050596,3.4868225997245705,3.682585641713381,2.6435266928588805,2.574839539166011,2.7159789209420993,0.9296217841316542,0.9094048327126995,0.950758057851947,3.609491638805993,3.515921568950677,3.7081782830254815,2.7607516386806936,2.6824923129971014,2.8437144775186662,0.8166749856005263,0.7942905868689989,0.8403576283784735,0.3565253540182891,0.34653718589951604,0.3665135221370622
30,30,100,1,1,25,35,9,9,9,27,9,9,9,27,1,1,1,3,1,0.1,0.9,0.1,0.1,0.0,0.0,0.0,9.005091632374906,8.785567262329351,9.224616002420461,0.0,0.0,0.0,9.025622237445265,8.85255088914533,9.1986935857452,8.972581438351607,8.737375231945688,9.207787644757527,27.01592147860003,26.463868475033703,27.56797448216636,0.0,0.0,0.0,1.001372363312411,0.9819526295122456,1.0207920971125763,0.0,0.0,0.0,1.0010604207216511,0.9838529244596572,1.018267916983645,1.0055809159822378,0.9869197081345296,1.024242123829946,2.9658746508284257,2.882691135048913,3.0490581666079386,3.350777425926951,3.2838907001219155,3.420445518571838,2.2572954014870406,2.203506819538181,2.313775695770549,1.0902602907234697,1.0618200407332754,1.120265982242036,3.3111842480829736,3.221158712758375,3.4063865654549734,2.3819083295644496,2.3225916164883142,2.4443342296375796,0.9863250808863764,0.9584910434639526,1.0158240359620354,0.33530699644109013,0.328001704863823,0.34261228801835725
30,30,100,1,1,30,30,9,9,9,27,9,9,9,27,1,1,1,3,1,0.1,0.9,10,0.1,0.0,0.0,0.0,9.006819887473572,8.739973800882375,9.27366597406477,0.0,0.0,0.0,8.984504392856788,8.825566132057387,9.143442653656189,9.003191541099415,8.809831156364943,9.196551925833887,26.993027520903222,26.337409163558284,27.64864587824816,0.0,0.0,0.0,1.0009306487979956,0.9816520598383992,1.0202092377575922,0.0,0.0,0.0,0.9974641025322841,0.9778590377072646,1.0170691673573036,1.0038083856845383,0.985658598294322,1.0219581730747547,3.007030139479786,2.9621654918179576,3.051894787141614,2.335622636876475,2.2753433947041297,2.399182675257561,1.2847896199022726,1.2556410512303497,1.3153236663781025,1.0244204017893053,1.0022812554461904,1.0475596924915895,2.3343747695779387,2.274670118092876,2.397298112697424,1.4349728535588746,1.3986794922009602,1.473199892967139,0.8812653222782737,0.8614347100267609,0.9020304670096292,23.20032455465879,22.591077851942266,23.80957125737531
30,30,100,1,1,25,35,9,9,9,27,9,9,9,27,1,1,1,3,1,0.1,0.9,1,0.1,0.0,0.0,0.0,8.973344552001867,8.737932591475777,9.208756512527957,0.0,0.0,0.0,8.919332076145906,8.71948115170912,9.119183000582693,9.003582461325095,8.849914530496298,9.157250392153893,26.79291776678448,26.089538690437315,27.496296843131645,0.0,0.0,0.0,0.9985336666573187,0.9795540742783801,1.0175132590362572,0.0,0.0,0.0,0.9874203355067158,0.9721408302542361,1.0026998407591954,1.0012964902814516,0.9822624993123149,1.0203304812505885,2.990976938745655,2.906415844287795,3.0755380332035145,3.1974132795049712,3.109907492322283,3.2899860720281078,2.167793324980654,2.106750156309554,2.2324795065210705,1.074003086124637,1.0504284372266295,1.0986601950125303,3.1990150365400343,3.1264286865615305,3.2750519760529655,2.2968228994106252,2.237134116086226,2.359784096330113,0.9581710207317361,0.9364674479086823,0.980904466041264,3.199341040631798,3.126068380759938,3.272613700503658
30,30,100,1,1,30,30,9,9,9,27,9,9,9,27,1,1,1,3,1,0.1,0.9,1,0.1,0.0,0.0,0.0,9.048405602079322,8.891183768204025,9.20562743595462,0.0,0.0,0.0,8.922821780690963,8.70529412631139,9.140349435070537,8.983821281764886,8.790614428316184,9.177028135213588,27.138600089260795,26.548228883791072,27.728971294730517,0.0,0.0,0.0,1.0011094633271183,0.9712283665913589,1.0309905600628777,0.0,0.0,0.0,0.9960634670372274,0.981521298930648,1.0106056351438069,0.994463651469149,0.9660234084573511,1.0229038944809468,3.0314927242697784,2.9818391070753245,3.0811463414642324,3.0348019588628836,2.967551650498827,3.1051709803822645,1.7667312472360417,1.7225286239837054,1.8132622285088538,1.2313687655501433,1.2081020958053517,1.25554921270082,3.0347242667002043,2.967044745428243,3.1055634572414514,1.9092834708983875,1.8560712409036844,1.9656368687868366,1.1007371451204677,1.0713607027033143,1.131769995224339,3.0313861079208824,2.9668339461880673,3.0959382696536974
30,30,100,1,1,30,30,9,9,9,27,9,9,9,27,1,1,1,3,1,0.1,0.9,0.1,0.1,0.0,0.0,0.0,9.000033217042837,8.785703814263512,9.214362619822163,0.0,0.0,0.0,8.963899201691877,8.8097642998373,9.118034103546455,9.04368130310143,8.806594507309164,9.280768098893695,26.774241093554316,26.206351613904804,27.34213057320383,0.0,0.0,0.0,1.0039688678508902,0.9881132316805341,1.0198245040212464,0.0,0.0,0.0,1.0034705196018903,0.9740484429355275,1.032892596268253,0.9980269976918037,0.9815196001360295,1.014534395247578,2.9792502751953283,2.9248621150703724,3.033638435320284,3.144052212110039,3.0665837996134804,3.2255360968500604,1.8607414028927096,1.8043295721054722,1.9207944744289174,1.2520383826163257,1.2201614642213374,1.2856255612851342,3.1433034967741045,3.0654367487305016,3.2252292161218055,1.9747583263901252,1.9218140863700015,2.030702339301639,1.1536740463921615,1.124391182459729,1.1845229401055355,0.31528728094604486,0.30887699286343046,0.32169756902865926
30,30,100,1,1,20,40,9,9,9,27,9,9,9,27,1,1,1,3,1,0.1,0.9,1,0.1,0.0,0.0,0.0,9.012345115304628,8.815009998289014,9.209680232320242,0.0,0.0,0.0,9.003837747192582,8.807844891464908,9.199830602920256,9.017360487027307,8.770903325274539,9.263817648780076,26.984534440899214,26.391512494750373,27.577556387048055,0.0,0.0,0.0,0.9956474706562372,0.9727305488133409,1.0185643924991334,0.0,0.0,0.0,0.9713800936010387,0.9474889120271356,0.9952712751749418,1.001133606625773,0.9848221421415816,1.0174450711099645,2.9904557701158176,2.9417436689370398,3.0391678712945955,3.4433613462944583,3.3524033201692642,3.5393928056804835,2.5387654737685046,2.4824335323486846,2.5977133712851264,0.9278090595427342,0.9081944507854713,0.9482896183441086,3.474569923928425,3.3760506708191618,3.579011953662047,2.649399380980679,2.5851504041820834,2.7169233220240687,0.8037035691010277,0.7866584292906215,0.821503729114769,3.4546782156852642,3.3924315154464755,3.516924915924053
30,30,100,1,1,20,40,9,9,9,27,9,9,9,27,1,1,1,3,1,0.1,0.9,10,0.1,0.0,0.0,0.0,8.980649694595291,8.7625672777847,9.198732111405882,0.0,0.0,0.0,8.980372664376619,8.784096880709603,9.176648448043634,9.063816292587916,8.949057745434347,9.178574839741485,26.94678928299524,26.31062766969996,27.58295089629052,0.0,0.0,0.0,1.0030613448731893,0.9847261819615736,1.021396507784805,0.0,0.0,0.0,0.9947189241513099,0.979977862599187,1.009459985703433,1.0023291737172892,0.9908567022328345,1.013801645201744,2.9825389414960233,2.925512197612105,3.0395656853799418,2.6197608905460483,2.565538667416134,2.676324554546817,1.8403002795336798,1.7988660233618945,1.8836882930194736,0.7565281999185149,0.7398359203087252,0.7739910932290683,2.6275121113884428,2.5667214248422776,2.6912522071216043,1.9751095358087447,1.9355560951392734,2.016313263902767,0.6160373103133671,0.6010504058374895,0.6317907095641189,26.288209319078746,25.547650488378626,27.028768149778866
30,30,100,1,1,35,25,9,9,9,27,9,9,9,27,1,1,1,3,1,0.1,0.9,10,0.1,0.0,0.0,0.0,9.021071114413278,8.861656553183803,9.180485675642753,0.0,0.0,0.0,9.02195260398396,8.84297203978238,9.200933168185541,9.055369112838877,8.90901415660884,9.201724069068913,27.015558767104533,26.396848284480697,27.63426924972837,0.0,0.0,0.0,0.9970599669664721,0.979176478717463,1.0149434552154812,0.0,0.0,0.0,1.0082085030391725,0.9908102318219273,1.0256067742564179,0.9926405444860456,0.9727368529227393,1.0125442360493517,3.0048214340688184,2.916076630762128,3.0935662373755086,2.1787829272742996,2.1246667720647365,2.235727854918428,1.018568820173623,0.9964262991635985,1.0417178061329222,1.171009896927166,1.1373582514352047,1.2067135972645344,2.1760621104608893,2.1271424946875426,2.227284779320305,1.1542055549816017,1.131954820152025,1.1773485911138493,1.0403155647443383,1.016087104970019,1.0657276977484653,21.90687548834234,21.250311050579228,22.563439926105453
30,30,100,1,1,35,25,9,9,9,27,9,9,9,27,1,1,1,3,1,0.1,0.9,0.1,0.1,0.0,0.0,0.0,9.032653936620857,8.788275536127237,9.277032337114477,0.0,0.0,0.0,8.887780513764419,8.685054248517979,9.090506779010859,9.188859694256148,8.913999817915075,9.463719570597222,27.069213697074925,26.428195747114426,27.710231647035425,0.0,0.0,0.0,1.002736953803666,0.9765493528612633,1.0289245547460686,0.0,0.0,0.0,1.0059989550301545,0.9890698816113583,1.0229280284489506,0.9983056491522584,0.9790734029430751,1.0175378953614418,3.004733732350636,2.951485623370906,3.057981841330366,2.920580130726202,2.8559706810894108,2.9881805089001765,1.4867139118080832,1.437751802301141,1.539128362846372,1.401221364331824,1.36768533723002,1.4364433573225057,2.92103916642635,2.8584818480791907,2.9863958579591388,1.5926141588014975,1.5482660313629344,1.63957779657101,1.291220423190953,1.2596671205780343,1.324395091659737,0.2952535243699669,0.28803834140880313,0.3024687073311306
30,30,100,1,1,35,25,9,9,9,27,9,9,9,27,1,1,1,3,1,0.1,0.9,1,0.1,0.0,0.0,0.0,8.938899565427255,8.73724912109659,9.140550009757918,0.0,0.0,0.0,8.982761125123023,8.823822538674746,9.1416997115713,8.965713723497897,8.799124142686365,9.13230330430943,27.150894234320354,26.584805897979656,27.716982570661052,0.0,0.0,0.0,1.0072792720074473,0.990016408056609,1.0245421359582856,0.0,0.0,0.0,0.998109643802097,0.9788576755647046,1.0173616120394895,0.9905137988104307,0.9631228496962733,1.0179047479245882,3.000761778110199,2.9396170097070007,3.0619065465133977,2.77085489980439,2.704463717500847,2.8405877560223947,1.4119429366491716,1.369423792977118,1.4571870350940515,1.3961386442645178,1.3580181611921611,1.4364610726145415,2.7842125458915308,2.7119481170257256,2.860433621307621,1.5271901095546678,1.482858473322128,1.5742541160431986,1.2654623642766685,1.2325150814692878,1.3002195046770928,2.7764201845540346,2.7136780473525213,2.839162321755548
30,30,100,1,1,40,20,9,9,9,27,9,9,9,27,1,1,1,3,1,0.1,0.9,1,0.1,0.0,0.0,0.0,8.958040295150575,8.693895441979697,9.222185148321453,0.0,0.0,0.0,8.977636582902079,8.846390109132066,9.108883056672092,9.035556570626788,8.851374945725913,9.219738195527663,27.022941181827665,26.484908868584963,27.560973495070368,0.0,0.0,0.0,0.9958167077711446,0.976676979454411,1.0149564360878782,0.0,0.0,0.0,1.0094841680117577,0.9884933814832371,1.0304749545402783,0.9974640178623196,0.9821974919917824,1.0127305437328569,3.0140322678879636,2.9478139984982388,3.0802505372776885,2.58016189138369,2.521717077738001,2.6413800860249523,1.0681189670428632,1.03853496484429,1.099437866612048,1.5232374306404546,1.4907872504794906,1.5571317408505148,2.5861074458971594,2.5295409073597623,2.6452617777594236,1.1618889233708474,1.1251050034868562,1.2011593461489156,1.4254069434791135,1.3900323029758943,1.4626290842407343,2.5848714155941424,2.5151665056443795,2.654576325543905
30,30,100,1,1,40,20,9,9,9,27,9,9,9,27,1,1,1,3,1,0.1,0.9,0.1,0.1,0.0,0.0,0.0,9.019849437431805,8.848478257566033,9.191220617297578,0.0,0.0,0.0,8.871252861308827,8.608209000029657,9.134296722587997,8.984524803347004,8.814673751047534,9.154375855646473,27.01934882089156,26.50299715141438,27.535700490368743,0.0,0.0,0.0,0.9999733988885676,0.9773502885594115,1.0225965092177236,0.0,0.0,0.0,0.9973503357604415,0.9761990470099026,1.0185016245109806,0.9993106364420217,0.979064586553064,1.0195566863309793,2.9797363350220243,2.9047337949500323,3.0547388750940163,2.6380098631361144,2.569950650891411,2.709771918997306,1.1244735024359722,1.088523406400619,1.1628793122771461,1.5750625105009382,1.5378747939826993,1.614093284483465,2.6139440498404576,2.538014736131552,2.6945565972241985,1.2095276617837065,1.1774698818866522,1.243379907183863,1.4808235758016968,1.444633962085607,1.5188729550703781,0.2650577809515068,0.25907515806398834,0.2710404038390252
30,30,100,1,1,45,15,9,9,9,27,9,9,9,27,1,1,1,3,1,0.1,0.9,0.1,0.1,0.0,0.0,0.0,8.96165689637329,8.832964635607786,9.090349157138794,0.0,0.0,0.0,9.03651767595203,8.821714779499423,9.251320572404637,8.95837060740567,8.743202891352029,9.17353832345931,27.047806833154585,26.465795986012996,27.629817680296174,0.0,0.0,0.0,1.00602161794464,0.9810756388929044,1.0309675969963756,0.0,0.0,0.0,0.99437969127272,0.9775334270546198,1.0112259554908203,1.0000056685654848,0.9829543578491867,1.017056979281783,2.9904882604102165,2.93121031706362,3.049766203756813,2.4667310171461563,2.404238095602623,2.5325593701331344,0.7793999507392644,0.7592158628653166,0.8006865552223472,1.700325789567302,1.6555720573018249,1.7475663280983398,2.452484916756321,2.411103744923535,2.4953113222225296,0.851739868363468,0.8305647275529893,0.8740229715092375,1.627692623954765,1.5840275955327652,1.6738332185165867,0.24504871718220922,0.23972601513983058,0.2503714192245879
30,30,100,1,1,40,20,9,9,9,27,9,9,9,27,1,1,1,3,1,0.1,0.9,10,0.1,0.0,0.0,0.0,8.933661607719946,8.72738091734,9.139942298099893,0.0,0.0,0.0,8.994237282338755,8.799935634213114,9.188538930464397,8.905809972803752,8.649045886480817,9.162574059126687,27.06690310656503,26.58574017854768,27.548066034582376,0.0,0.0,0.0,0.989557681710155,0.9747597939433298,1.0043555694769801,0.0,0.0,0.0,1.001248534990926,0.9779947019683954,1.0245023680134564,0.9924006864396938,0.9697400374563249,1.0150613354230629,3.031868688023504,2.967349163410898,3.09638821263611,2.0584706459734616,2.004360345387278,2.115583561160099,0.7592988611263936,0.7371106162658556,0.7828643693925329,1.2969695459486437,1.2653191590751762,1.3302439457043571,2.0579667780235655,2.0214712320691617,2.095804330213942,0.8743463171820056,0.8520095248193723,0.8978858302645885,1.1777637623724178,1.1529867155092777,1.2036290857648575,20.45540072763594,20.035086363393212,20.875715091878668
30,30,100,1,1,45,15,9,9,9,27,9,9,9,27,1,1,1,3,1,0.1,0.9,10,0.1,0.0,0.0,0.0,8.928335099831202,8.727543217055526,9.129126982606877,0.0,0.0,0.0,9.01344783299341,8.838275487878054,9.188620178108767,9.015097816670394,8.806692020414108,9.223503612926681,26.993893360995635,26.51971763211304,27.46806908987823,0.0,0.0,0.0,1.0075014937898246,0.9817510860377435,1.0332519015419057,0.0,0.0,0.0,0.997564933420815,0.9725191685357711,1.0226106983058587,1.0002426713272816,0.9817319518517583,1.018753390802805,3.0268334480503674,2.970682391641798,3.0829845044589366,1.9217682844444286,1.876975110226344,1.9687516652321764,0.5541476905769389,0.5420627784693178,0.5667837392882509,1.406802017271813,1.3697165858893747,1.4459515295008833,1.940585717533772,1.9040490664078398,1.9785519997181906,0.6520494718064317,0.6374785579641754,0.6673020646494257,1.3037346676113282,1.2695632091326219,1.3397965200868274,19.43392718493207,19.099463302500606,19.768391067363535
30,30,100,1,1,45,15,9,9,9,27,9,9,9,27,1,1,1,3,1,0.1,0.9,1,0.1,0.0,0.0,0.0,8.941573087973202,8.783884607065612,9.099261568880792,0.0,0.0,0.0,8.963803549814678,8.835132382272555,9.0924747173568,8.942986754592145,8.681557474213871,9.204416034970418,26.892399683917436,26.37839630889077,27.4064030589441,0.0,0.0,0.0,0.9978522963132473,0.9857312790836942,1.0099733135428006,0.0,0.0,0.0,0.991370249261185,0.9666879365017891,1.016052562020581,1.001596091694851,0.9778441525032046,1.0253480308864973,2.984268814383858,2.9141210807653843,3.0544165480023313,2.3645039928659624,2.3018025571015794,2.4307170789166594,0.7438639129724729,0.7239856058198697,0.764864626031111,1.6712221646267797,1.641272722287433,1.7022849392286215,2.3861448352031065,2.326698969352292,2.4487079630493245,0.8303390677714462,0.8058958155821963,0.8563114532838838,1.591748585513564,1.551235431082773,1.6344346286444156,2.3998109469599513,2.3380570534897127,2.46156484043019
30,30,100,1,1,55,5,9,9,9,27,9,9,9,27,1,1,1,3,1,0.1,0.9,1,0.1,0.0,0.0,0.0,9.08361946666098,8.856959261424688,9.310279671897273,0.0,0.0,0.0,9.024147852709751,8.874573775878728,9.173721929540774,9.01120948497055,8.801810376168332,9.220608593772768,26.99660009863548,26.44866032241685,27.54453987485411,0.0,0.0,0.0,0.9977544358659596,0.968474465466777,1.0270344062651422,0.0,0.0,0.0,1.0003832889430488,0.9819539980898058,1.018812579796292,0.9978259674795219,0.9715690798217883,1.0240828551372554,2.953790786797172,2.865889365380287,3.041692208214057,2.0829767098776077,2.02541649228103,2.1439042248651465,0.20021571532797464,0.19457601031772842,0.2061921081182728,1.8806926401838657,1.84659605278103,1.916072071852012,2.0739397932298633,2.028359759383987,2.121615409816105,0.218985577825946,0.2126292459330327,0.22573365242847174,1.8495072957150167,1.817633529381321,1.882518882489421,2.073493606606318,2.0291112916750667,2.1178759215375695
30,30,100,1,1,50,10,9,9,9,27,9,9,9,27,1,1,1,3,1,0.1,0.9,0.1,0.1,0.0,0.0,0.0,8.974339587149164,8.763617882255476,9.185061292042851,0.0,0.0,0.0,8.988705282967398,8.854641720578309,9.122768845356488,9.034187303087794,8.83822381721361,9.230150788961978,27.24513923796769,26.82142702973078,27.668851446204602,0.0,0.0,0.0,1.0012905450886236,0.9737529622973302,1.028828127879917,0.0,0.0,0.0,0.9933321836768132,0.9653194169819268,1.0213449503716996,0.9847253678678239,0.9668088422013996,1.0026418935342483,2.999762363448208,2.9474287536557746,3.0520959732406414,2.289026698457119,2.2281997700073455,2.3532678204906547,0.46818869823247605,0.45843811080944946,0.47836307259023414,1.8041169917344304,1.754632118833472,1.8564740537109836,2.2586150501687103,2.213958801957489,2.3051098436772284,0.5133918593814517,0.5023647077975226,0.5249139785106751,1.7578265137852729,1.7101779292583972,1.8082063434653357,0.22713664428341368,0.22080215145345602,0.23347113711337134
30,30,100,1,1,50,10,9,9,9,27,9,9,9,27,1,1,1,3,1,0.1,0.9,1,0.1,0.0,0.0,0.0,8.916694217276145,8.70218728018545,9.13120115436684,0.0,0.0,0.0,9.008730353767712,8.853753815402012,9.163706892133412,8.97260303125781,8.836744839192995,9.108461223322625,26.916778576615748,26.35592800061427,27.477629152617226,0.0,0.0,0.0,0.9983227881345426,0.9752524162553344,1.0213931600137507,0.0,0.0,0.0,0.9964587824859982,0.9794372636237689,1.0134803013482274,0.9947731609753165,0.9767749024381344,1.0127714195124988,3.0371277071789398,2.9761859783836386,3.098069435974241,2.235558449816638,2.194764193290465,2.277897919520691,0.44660059079717834,0.43643182938422287,0.45725451602770656,1.7601143759130287,1.7101161276243282,1.8131242474883102,2.253817484250524,2.1973740487896185,2.3132370660533943,0.5006256644767497,0.49006873653686694,0.5116474348898721,1.6980033100973055,1.6509504876105165,1.7478168674515557,2.2539591919559814,2.18737288940866,2.320545494503303
30,30,100,1,1,55,5,9,9,9,27,9,9,9,27,1,1,1,3,1,0.1,0.9,0.1,0.1,0.0,0.0,0.0,8.894894020749332,8.650331552105563,9.139456489393101,0.0,0.0,0.0,8.940776315092036,8.80262831811208,9.078924312071992,8.970169545445966,8.757952110815067,9.182386980076865,26.949641088530214,26.548936711912194,27.350345465148234,0.0,0.0,0.0,1.011656866043409,0.9908671017265107,1.0324466303603075,0.0,0.0,0.0,1.000349906034584,0.9836637945678527,1.0170360175013153,0.9998423310222811,0.970822135074398,1.0288625269701643,3.0046395745158057,2.9351911094991916,3.0740880395324197,2.118321649877773,2.0795920677528876,2.1585211796763804,0.20386754519074282,0.19794227191125624,0.21015850342194478,1.9131416936200674,1.8591242506750456,1.9703920578856706,2.1176969418508937,2.0724144338744606,2.1650025105886312,0.22308328644415787,0.21821142071517902,0.22817766201837134,1.8911995053104806,1.8589856957058093,1.9245494496861562,0.21181738130375538,0.2056309605862221,0.21800380202128866
30,30,100,1,1,55,5,9,9,9,27,9,9,9,27,1,1,1,3,1,0.1,0.9,10,0.1,0.0,0.0,0.0,8.952178282670026,8.814328803433947,9.090027761906105,0.0,0.0,0.0,9.006395682120408,8.859237641087784,9.153553723153031,9.074351558149655,8.805323100446278,9.34338001585303,27.07626023760412,26.328737951578837,27.823782523629404,0.0,0.0,0.0,1.0043909203198644,0.9857186886493349,1.0230631519903939,0.0,0.0,0.0,1.0024931539348896,0.983106201601903,1.0218801062678762,0.9921927208304891,0.9673684524841207,1.0170169891768577,2.994260395587793,2.936217824352735,3.0523029668228507,1.7382801996247226,1.687918626276466,1.7917394214678226,0.1535528282214373,0.15026916845039248,0.15698320206775193,1.5915928202297525,1.5611020639972182,1.6232983671944807,1.7324132066221007,1.707086841697687,1.75850237310969,0.17966834621855363,0.17525926194747968,0.18430499857733837,1.5673127851413955,1.537870931691037,1.5979039438485887,17.38177878299663,16.909392193478112,17.854165372515148
30,30,100,1,1,50,10,9,9,9,27,9,9,9,27,1,1,1,3,1,0.1,0.9,10,0.1,0.0,0.0,0.0,9.007480597958995,8.851079193052575,9.163882002865416,0.0,0.0,0.0,9.033636024882352,8.86365198353615,9.203620066228554,8.986034021148312,8.85536280486511,9.116705237431514,27.058229380855,26.53293183767442,27.58352692403558,0.0,0.0,0.0,1.0007171163648638,0.9760676661174582,1.0253665666122693,0.0,0.0,0.0,0.9930628205795853,0.9752495478377187,1.010876093321452,1.0101119939430252,0.9891854402840496,1.0310385476020008,3.005625894179558,2.9275354958050803,3.083716292554036,1.8377446168766718,1.7981872816658273,1.8790814995950944,0.33597892321708595,0.3293283486352423,0.3429036421362544,1.4953864978876752,1.4542100686519286,1.5389627260769798,1.8537953019267281,1.7998097598750966,1.9111195979271876,0.40368646204287845,0.3930373767880651,0.4149286774707395,1.4381693123280355,1.3982055725378444,1.4804847695510301,18.381940944562764,18.022653517316268,18.74122837180926
30,30,100,1,1,59,1,9,9,9,27,9,9,9,27,1,1,1,3,1,0.1,0.9,0.1,0.1,0.0,0.0,0.0,8.991549976588184,8.823056448676274,9.160043504500093,0.0,0.0,0.0,8.99768206095605,8.82452160567873,9.170842516233371,9.078600376550291,8.84044549583917,9.316755257261413,27.092761829760807,26.487502879531014,27.6980207799906,0.0,0.0,0.0,1.0041303606958563,0.9834849726420654,1.0247757487496472,0.0,0.0,0.0,1.0001800033847479,0.9794621447708913,1.0208978619986044,1.0025689689363961,0.9742797396171444,1.0308581982556477,3.004118630495237,2.942498642992756,3.065738617997718,1.9939218520524296,1.9387711742188698,2.052302052256698,0.03489893389371344,0.03378958411448313,0.03608359873464457,1.9725114093675322,1.9442002495304933,2.0016592791953847,2.010403334808244,1.9804932153961894,2.041230734027639,0.0349587146803253,0.033738045023479414,0.03627102976638212,1.974274868013554,1.941975362039259,2.007666976256313,0.2013609446013167,0.196773406119499,0.2059484830831344
30,30,100,1,1,59,1,9,9,9,27,9,9,9,27,1,1,1,3,1,0.1,0.9,1,0.1,0.0,0.0,0.0,9.038363729444459,8.784776900604376,9.291950558284542,0.0,0.0,0.0,9.07137554654065,8.877222772634736,9.265528320446565,9.026848408239113,8.825587174918645,9.22810964155958,26.90558714640722,26.234980108256195,27.576194184558247,0.0,0.0,0.0,1.001702510359688,0.9817343403239889,1.021670680395387,0.0,0.0,0.0,0.9983871797799284,0.9807757971346913,1.0159985624251655,0.992099407566012,0.975899046397991,1.0082997687340332,3.002340064042666,2.955272326761593,3.0494078013237393,1.9825807767190822,1.9513376883636557,2.014840617655325,0.03367661224866327,0.03285935375979813,0.034535560360630435,1.9478983374878944,1.892754361521208,2.006351892143642,1.9799979732087778,1.9543699927958844,2.0063070124422153,0.03442254199605866,0.03329983063567503,0.03562359976078946,1.9498176947155021,1.8947936182556109,2.0081331062274006,1.9471032085125675,1.8977747111712622,1.9964317058538728
30,30,100,1,1,59,1,9,9,9,27,9,9,9,27,1,1,1,3,1,0.1,0.9,10,0.1,0.0,0.0,0.0,8.929548357353594,8.77086481949914,9.088231895208049,0.0,0.0,0.0,8.992478762843303,8.749502475390347,9.23545505029626,9.008153006806994,8.85342180367571,9.162884209938278,26.837671911274395,26.32459120672874,27.35075261582005,0.0,0.0,0.0,0.9996697583698377,0.9811600586738385,1.018179458065837,0.0,0.0,0.0,0.9971869498812167,0.9678079070368203,1.026565992725613,0.9969917899663191,0.9766944725404917,1.0172891073921466,3.010506870080486,2.9596662701868355,3.061347469974136,1.6808306028476783,1.638157903683241,1.7257859421128463,0.028168948975499892,0.027076900125876952,0.029352787512682263,1.6534188662283271,1.6074752558410563,1.702065995742556,1.6769822888442747,1.630924592123245,1.725716944032164,0.029112463517725597,0.028305990853004982,0.029966238695493055,1.6473803049792473,1.6045923938913709,1.6925126904945216,16.815138028134527,16.40988623164253,17.220389824626523
