A_reqA,A_reqB,N_robot,reqAonRobot,reqBonRobot,S_door_opening,S_door_closing,S_reqA_driveToDoor,S_reqA_driveFwd,S_reqA_driveBack1,S_reqA_driveAround,S_reqB_driveToDoor,S_reqB_driveFwd,S_reqB_driveBack,S_reqB_driveAround,S_robot_driveToDoor,S_robot_driveFwd,S_robot_driveBack3,S_robot_driveAround,S_changePolicyToOpen,probA,probB,Z_robot,comm_same_room,S_reqA_driveBack2,S_reqA_driveBack3,S_robot_driveBack2,S_robot_driveBack1,R_robot_choosing1_A_mean,R_robot_choosing1_A_low,R_robot_choosing1_A_up,R_robot_reachDoor1_A_mean,R_robot_reachDoor1_A_low,R_robot_reachDoor1_A_up,R_robot_driveThru1_A_mean,R_robot_driveThru1_A_low,R_robot_driveThru1_A_up,R_robot_driveFwd1_A_mean,R_robot_driveFwd1_A_low,R_robot_driveFwd1_A_up,R_robot_driveBack1_A_mean,R_robot_driveBack1_A_low,R_robot_driveBack1_A_up,R_robot_driveAround1_A_mean,R_robot_driveAround1_A_low,R_robot_driveAround1_A_up,R_robot_communicate1_A_mean,R_robot_communicate1_A_low,R_robot_communicate1_A_up,R_robot_choosing1_B_mean,R_robot_choosing1_B_low,R_robot_choosing1_B_up,R_robot_reachDoor1_B_mean,R_robot_reachDoor1_B_low,R_robot_reachDoor1_B_up,R_robot_driveThru1_B_mean,R_robot_driveThru1_B_low,R_robot_driveThru1_B_up,R_robot_driveFwd1_B_mean,R_robot_driveFwd1_B_low,R_robot_driveFwd1_B_up,R_robot_driveBack1_B_mean,R_robot_driveBack1_B_low,R_robot_driveBack1_B_up,R_robot_driveAround1_B_mean,R_robot_driveAround1_B_low,R_robot_driveAround1_B_up,R_robot_communicate1_B_mean,R_robot_communicate1_B_low,R_robot_communicate1_B_up,X_robot_goFast1_A_mean,X_robot_goFast1_A_low,X_robot_goFast1_A_up,X_robot_follow1_A_mean,X_robot_follow1_A_low,X_robot_follow1_A_up,X_robot_success1_A_mean,X_robot_success1_A_low,X_robot_success1_A_up,X_robot_fail1_A_mean,X_robot_fail1_A_low,X_robot_fail1_A_up,X_robot_goFast1_B_mean,X_robot_goFast1_B_low,X_robot_goFast1_B_up,X_robot_follow1_B_mean,X_robot_follow1_B_low,X_robot_follow1_B_up,X_robot_success1_B_mean,X_robot_success1_B_low,X_robot_success1_B_up,X_robot_fail1_B_mean,X_robot_fail1_B_low,X_robot_fail1_B_up,R_robot_choosing2_A_mean,R_robot_choosing2_A_low,R_robot_choosing2_A_up,R_robot_reachDoor2_A_mean,R_robot_reachDoor2_A_low,R_robot_reachDoor2_A_up,R_robot_driveThru2_A_mean,R_robot_driveThru2_A_low,R_robot_driveThru2_A_up,R_robot_driveFwd2_A_mean,R_robot_driveFwd2_A_low,R_robot_driveFwd2_A_up,R_robot_driveBack2_A_mean,R_robot_driveBack2_A_low,R_robot_driveBack2_A_up,R_robot_driveAround2_A_mean,R_robot_driveAround2_A_low,R_robot_driveAround2_A_up,R_robot_communicate2_A_mean,R_robot_communicate2_A_low,R_robot_communicate2_A_up,R_robot_choosing2_B_mean,R_robot_choosing2_B_low,R_robot_choosing2_B_up,R_robot_reachDoor2_B_mean,R_robot_reachDoor2_B_low,R_robot_reachDoor2_B_up,R_robot_driveThru2_B_mean,R_robot_driveThru2_B_low,R_robot_driveThru2_B_up,R_robot_driveFwd2_B_mean,R_robot_driveFwd2_B_low,R_robot_driveFwd2_B_up,R_robot_driveBack2_B_mean,R_robot_driveBack2_B_low,R_robot_driveBack2_B_up,R_robot_driveAround2_B_mean,R_robot_driveAround2_B_low,R_robot_driveAround2_B_up,R_robot_communicate2_B_mean,R_robot_communicate2_B_low,R_robot_communicate2_B_up,X_robot_goFast2_A_mean,X_robot_goFast2_A_low,X_robot_goFast2_A_up,X_robot_follow2_A_mean,X_robot_follow2_A_low,X_robot_follow2_A_up,X_robot_success2_A_mean,X_robot_success2_A_low,X_robot_success2_A_up,X_robot_fail2_A_mean,X_robot_fail2_A_low,X_robot_fail2_A_up,X_robot_goFast2_B_mean,X_robot_goFast2_B_low,X_robot_goFast2_B_up,X_robot_follow2_B_mean,X_robot_follow2_B_low,X_robot_follow2_B_up,X_robot_success2_B_mean,X_robot_success2_B_low,X_robot_success2_B_up,X_robot_fail2_B_mean,X_robot_fail2_B_low,X_robot_fail2_B_up,R_robot_choosing3_A_mean,R_robot_choosing3_A_low,R_robot_choosing3_A_up,R_robot_reachDoor3_A_mean,R_robot_reachDoor3_A_low,R_robot_reachDoor3_A_up,R_robot_driveThru3_A_mean,R_robot_driveThru3_A_low,R_robot_driveThru3_A_up,R_robot_driveFwd3_A_mean,R_robot_driveFwd3_A_low,R_robot_driveFwd3_A_up,R_robot_driveBack3_A_mean,R_robot_driveBack3_A_low,R_robot_driveBack3_A_up,R_robot_driveAround3_A_mean,R_robot_driveAround3_A_low,R_robot_driveAround3_A_up,R_robot_communicate3_A_mean,R_robot_communicate3_A_low,R_robot_communicate3_A_up,R_robot_choosing3_B_mean,R_robot_choosing3_B_low,R_robot_choosing3_B_up,R_robot_reachDoor3_B_mean,R_robot_reachDoor3_B_low,R_robot_reachDoor3_B_up,R_robot_driveThru3_B_mean,R_robot_driveThru3_B_low,R_robot_driveThru3_B_up,R_robot_driveFwd3_B_mean,R_robot_driveFwd3_B_low,R_robot_driveFwd3_B_up,R_robot_driveBack3_B_mean,R_robot_driveBack3_B_low,R_robot_driveBack3_B_up,R_robot_driveAround3_B_mean,R_robot_driveAround3_B_low,R_robot_driveAround3_B_up,R_robot_communicate3_B_mean,R_robot_communicate3_B_low,R_robot_communicate3_B_up,X_robot_goFast3_A_mean,X_robot_goFast3_A_low,X_robot_goFast3_A_up,X_robot_follow3_A_mean,X_robot_follow3_A_low,X_robot_follow3_A_up,X_robot_success3_A_mean,X_robot_success3_A_low,X_robot_success3_A_up,X_robot_fail3_A_mean,X_robot_fail3_A_low,X_robot_fail3_A_up,X_robot_goFast3_B_mean,X_robot_goFast3_B_low,X_robot_goFast3_B_up,X_robot_follow3_B_mean,X_robot_follow3_B_low,X_robot_follow3_B_up,X_robot_success3_B_mean,X_robot_success3_B_low,X_robot_success3_B_up,X_robot_fail3_B_mean,X_robot_fail3_B_low,X_robot_fail3_B_up
30,30,100,1,1,15,45,5,5,5,40,5,5,5,40,5,5,5,40,10,0.1,0.9,10,1,15,25,15,25,0.0,0.0,0.0,4.136300657914604,4.050800335993203,4.221800979836005,0.0,0.0,0.0,4.994348981535122,4.856807768471685,5.131890194598559,4.962776852607758,4.836648447855631,5.088905257359884,39.65746083966056,38.546614465606815,40.7683072137143,2.201433796650265,2.1566506667058287,2.2462169265947014,0.0,0.0,0.0,4.10064430065916,4.0212335122394425,4.180055089078877,0.0,0.0,0.0,5.0580380973462615,4.9595779055727185,5.156498289119805,24.921884976614898,24.51382748651629,25.329942466713504,39.76551026466386,38.60131127755956,40.92970925176816,1.8799632899972627,1.852505255793665,1.9074213242008604,0.9645730006264331,0.9503830470776755,0.9791931106954808,0.17438702932735792,0.17042696652021597,0.1785355031289584,0.6860393372211038,0.6683226223697749,0.7047209433576056,0.10509171705780468,0.10245474975801096,0.10786801016446236,0.49149172154313353,0.4791634511327097,0.5044711264763557,0.08773738301957644,0.08591637807559593,0.08963725220739142,0.3350671804521639,0.3275679759225155,0.3429177973881695,0.06196990517649759,0.060468271034128517,0.06354802002783665,0.0,0.0,0.0,4.121046224718832,4.008746939687389,4.233345509750275,0.0,0.0,0.0,5.026264505787585,4.889391839354038,5.163137172221133,15.048249039843329,14.614988009125566,15.481510070561091,39.2401973024539,38.090309566889594,40.390085038018206,2.110642391875999,2.071788992324361,2.149495791427637,0.0,0.0,0.0,4.107451708466316,4.037049023094105,4.177854393838527,0.0,0.0,0.0,5.02650076971166,4.88713150702824,5.16587003239508,15.134864946173359,14.704389820358871,15.565340071987846,40.14858289855032,39.61805883429549,40.67910696280516,2.1215889615354597,2.068558227862409,2.1746196952085106,0.6841513825915426,0.6693391342585024,0.6996340470844002,0.1287336191842517,0.12571680968271012,0.1318987765188031,0.48170449155180756,0.4696942957777032,0.4943450120522075,0.08146580678234243,0.0798316868387602,0.08316822419593656,0.699302867259431,0.6862509443746357,0.7128608891893903,0.1312238733733038,0.1274709344314116,0.13520450030263614,0.4856006341819746,0.47585313852025646,0.4957558214180427,0.08340350946985893,0.08121078763989456,0.08571792572436586,0.0,0.0,0.0,4.064422004255591,3.973637319685462,4.15520668882572,0.0,0.0,0.0,5.026157979732844,4.900870237468868,5.1514457219968195,25.123276360774202,24.375048377377013,25.87150434417139,39.54789613675862,38.497973174783134,40.5978190987341,1.8091402185956307,1.7578510549802087,1.8604293822110527,0.0,0.0,0.0,4.085847970782673,3.9668197474515408,4.2048761941138055,0.0,0.0,0.0,5.00871279674392,4.871367429171378,5.146058164316462,5.0088330670030095,4.866574645521912,5.151091488484107,39.74665473728951,38.900268943578695,40.59304053100033,2.15449874805979,2.097754353302931,2.211243142816649,0.4827080943085692,0.4689843893974574,0.4972591936462381,0.08358329841715903,0.08164119601885356,0.08562005086866238,0.32334982402234275,0.31565246279100007,0.3314319775148021,0.06069335591182632,0.05914486611718383,0.06232510860588054,0.9623278620469987,0.9482744078696563,0.9768041274951312,0.16063635058584594,0.1576031477745112,0.16378859748815036,0.6962934127893987,0.684994569419183,0.7079712517701503,0.10097376065050656,0.09868066715423847,0.10337596111114924
30,30,100,1,1,10,50,5,5,5,40,5,5,5,40,5,5,5,40,10,0.1,0.9,10,1,15,25,15,25,0.0,0.0,0.0,4.3423512364170795,4.239886359734511,4.444816113099648,0.0,0.0,0.0,4.940174531008763,4.8407507662835805,5.039598295733946,5.039643668541882,4.928380952269497,5.1509063848142675,39.447884925768896,38.278448847796945,40.61732100374085,2.48678655746426,2.429699674076785,2.543873440851735,0.0,0.0,0.0,4.301771735963219,4.234627964415991,4.368915507510446,0.0,0.0,0.0,4.964412980067812,4.862195708685431,5.066630251450193,24.90810791919479,24.40080991165883,25.415405926730752,39.93767646903707,38.99064374338875,40.88470919468539,2.118197247396538,2.087235051112383,2.1491594436806927,1.0313786042606667,1.0060091160215532,1.0580607274683875,0.14418347823682645,0.1403239463613784,0.14826132323593705,0.8067930338917408,0.7916474199312571,0.8225294761554587,0.07931933758237425,0.07708231710214458,0.08169008084425701,0.6219313220499928,0.606782159817617,0.6378562933304763,0.08944384982075897,0.08718408056947492,0.09182388044336967,0.47611877042802386,0.4629147403979495,0.49009817184692944,0.05584454204135061,0.05455370404490637,0.05719794755834652,0.0,0.0,0.0,4.301901471896235,4.241626577641798,4.362176366150672,0.0,0.0,0.0,5.023866411588563,4.9445009848469255,5.103231838330201,15.046642493096257,14.76658140244653,15.326703583745985,40.31918992047872,39.766562308258855,40.871817532698586,2.3687376020273816,2.3077034963490783,2.429771707705685,0.0,0.0,0.0,4.262265631594319,4.192288584844019,4.3322426783446195,0.0,0.0,0.0,4.9740233134224425,4.892519121943322,5.055527504901563,14.744952856481177,14.324757716094949,15.165147996867406,40.09687682079843,39.54306146932851,40.65069217226835,2.4030484603677627,2.3631652424820375,2.442931678253488,0.8008470418953807,0.7803124485285177,0.8224916163491569,0.11868249657190835,0.11542068161349041,0.12213403236364533,0.6093081933661574,0.5941576170211053,0.6252516442272751,0.06629769240840251,0.06456121274961098,0.06813016488585157,0.8192250510366216,0.8037324064943798,0.8353267032602769,0.12104426608480622,0.11771885922771573,0.12456301146846475,0.6219186598047585,0.6068742374605918,0.6377279460942307,0.06821247419161226,0.06643126054543284,0.07009183848749748,0.0,0.0,0.0,4.266651000954344,4.181805295867898,4.351496706040789,0.0,0.0,0.0,4.974338315547192,4.869594242231477,5.079082388862908,24.802303199958224,24.09701201763552,25.507594382280928,40.567220993343824,39.665853749192955,41.46858823749469,2.1050730687073926,2.065205062567536,2.144941074847249,0.0,0.0,0.0,4.361616259347131,4.263556129200978,4.459676389493284,0.0,0.0,0.0,4.948893904091086,4.808694627549348,5.089093180632825,4.987008144575428,4.870013110523919,5.104003178626938,39.23093745661615,38.07334293565348,40.388531977578815,2.239092841048697,2.173188081197957,2.3049976008994375,0.6092828047443843,0.5944478642615441,0.6248771329154585,0.08510357700674641,0.0826357241929464,0.08772336843150884,0.46029279294824166,0.44767159777031085,0.47364629209265646,0.053693924069512886,0.05243851947266995,0.055010913066039106,1.026267020173846,1.002255904515174,1.0514568462774732,0.1281239191634978,0.12492072538194338,0.1314957073992328,0.8192627437145019,0.8036572851920442,0.835486258886166,0.07416319403946928,0.07239783217866426,0.07601680150418877
30,30,100,1,1,20,40,5,5,5,40,5,5,5,40,5,5,5,40,10,0.1,0.9,10,1,15,25,15,25,0.0,0.0,0.0,3.9371090564342652,3.83141179920532,4.042806313663211,0.0,0.0,0.0,5.021936495022264,4.967295637379677,5.076577352664851,4.948953831716612,4.8198732243962965,5.078034439036928,39.46911143605328,38.29304932484335,40.64517354726321,2.103375043982187,2.068204360988607,2.138545726975767,0.0,0.0,0.0,3.909403726261245,3.8114311372448153,4.007376315277675,0.0,0.0,0.0,5.007341273563738,4.909549122802443,5.105133424325033,25.214435421868775,24.47416523297511,25.95470561076244,40.41291454501363,39.24099129970357,41.58483779032368,1.7126133288084355,1.6681302593747245,1.7570963982421466,0.9337706845307081,0.9091435546416301,0.9597691751081829,0.21534156223870565,0.21107344502636283,0.21978585309928908,0.57821268097794,0.5657470423645378,0.5912400306663447,0.13502978731651347,0.1316843782033077,0.1385496058427614,0.364389693516687,0.35384062857678944,0.3755870864837998,0.07997276085352077,0.07825862824319772,0.08176366581909887,0.2195249427345893,0.21417198228642642,0.22515234355994915,0.06247905173402315,0.06073707161358641,0.0643239046414391,0.0,0.0,0.0,3.8253848470915996,3.75893587393506,3.8918338202481393,0.0,0.0,0.0,5.041276230792826,4.91428565835558,5.168266803230071,15.083346291139119,14.671867375573678,15.49482520670456,40.14153094787939,39.41441753953763,40.86864435622115,1.9797540970565684,1.9211922098548684,2.038315984258268,0.0,0.0,0.0,3.893136572079312,3.7960630125770853,3.990210131581539,0.0,0.0,0.0,4.937893555797499,4.834080546092622,5.041706565502375,15.00942959153072,14.62043240896181,15.398426774099631,39.94438309822129,39.32409801712487,40.56466817931771,1.9699341233422403,1.928973194429216,2.0108950522552647,0.5782057248972451,0.5657136272042985,0.5912619817793974,0.13359903781503327,0.12988046382453422,0.13753681892966477,0.35412029376320164,0.3461466920510221,0.3624699060219375,0.08979886134246963,0.08789218081285358,0.09179010102752566,0.592994185184149,0.5780392810318413,0.6087434610767777,0.1314959519737954,0.1278373165030327,0.135370173781869,0.3692754414248766,0.35980505392956447,0.3792578435616413,0.0896423185756398,0.08723096097298695,0.09219078234848974,0.0,0.0,0.0,3.9106204691212074,3.813614386855261,4.007626551387154,0.0,0.0,0.0,5.028476125652971,4.8989315574385515,5.158020693867391,24.91670470199302,24.289824666075493,25.543584737910546,40.33507144876343,39.22143654662971,41.44870635089715,1.6282063697622968,1.5974588997908794,1.6589538397337142,0.0,0.0,0.0,3.864095034237754,3.7749113674257964,3.9532787010497112,0.0,0.0,0.0,4.98309409402608,4.87609367816065,5.090094509891509,4.973875190851689,4.877563616919679,5.070186764783698,39.15516045132458,38.39560566382065,39.914715238828514,2.060203458432787,2.011051215383466,2.109355701482108,0.3541212815331376,0.3461343637234469,0.362485495441732,0.07504719742570178,0.07298288479626644,0.07723168694256856,0.21647421200014344,0.21089988736285187,0.2223512081095054,0.06062263814382995,0.05949119052483718,0.06179795757070884,0.9293713556123534,0.9049968646787696,0.9550951554574167,0.20215143719015607,0.19633356945787367,0.20832463085771583,0.5929790918616478,0.5780288426146227,0.6087232265633176,0.1308610078256639,0.12773836360368926,0.13414014766449026
30,30,100,1,1,25,35,5,5,5,40,5,5,5,40,5,5,5,40,10,0.1,0.9,10,1,15,25,15,25,0.0,0.0,0.0,3.6044525623994637,3.5148799871549197,3.6940251376440076,0.0,0.0,0.0,5.079185349465675,4.943466672211863,5.214904026719487,5.0005082163167245,4.92777792518385,5.073238507449599,39.45619542403254,38.912044228304666,40.00034661976042,2.0302500029817296,1.9843447227177715,2.0761552832456878,0.0,0.0,0.0,3.7208276368760345,3.6371717032610875,3.8044835704909814,0.0,0.0,0.0,5.0332355249492435,4.916096557858019,5.150374492040468,24.85706467468075,24.264710787375524,25.449418561985976,39.90065710800188,38.826807331438715,40.974506884565045,1.5268157998775664,1.4989076795055318,1.554723920249601,0.9091041024998296,0.8873485652710731,0.9319532331027894,0.2582879705806359,0.2528594113608068,0.26395473174616574,0.4836464827005374,0.47095123883495865,0.4970451291121856,0.1653420879084667,0.16182348870780025,0.16901710098078895,0.2645309390724184,0.25883376955065185,0.2704845530637406,0.06839405338493185,0.0664595889671726,0.07044450836015871,0.14046625547189914,0.13743654044263617,0.14363255840330635,0.05863638586333604,0.05702954093206619,0.06033640383812259,0.0,0.0,0.0,3.6297761737225804,3.557353135896493,3.7021992115486677,0.0,0.0,0.0,4.982624942958961,4.836636396559732,5.12861348935819,15.051242326826351,14.738302300546833,15.36418235310587,39.77283586149837,38.908784811570364,40.63688691142638,1.823026886649845,1.780545899530173,1.8655078737695168,0.0,0.0,0.0,3.62761810211508,3.564733598742133,3.6905026054880268,0.0,0.0,0.0,5.029194969794155,4.903525946814412,5.1548639927738975,15.054519457331024,14.626825197023718,15.482213717638329,40.45070626949451,39.43238030944646,41.46903222954256,1.8694285421012033,1.8215938957025126,1.917263188499894,0.48510670494932345,0.4751889168663717,0.49544731110274326,0.12959409201128957,0.1263428837673037,0.13301704793846886,0.255298241812758,0.2484847479251465,0.2624959245369062,0.09621496083759501,0.0935283639041309,0.09906046712131933,0.49477424445940454,0.4849915797913287,0.5049596815711884,0.13550768823152012,0.13229606240194225,0.1388791248135496,0.26124218796234555,0.25422011538741235,0.2686632078969472,0.09752617131180634,0.09521510408297466,0.09995221808118403,0.0,0.0,0.0,3.7538106759533894,3.6748448166139087,3.83277653529287,0.0,0.0,0.0,5.004280680847293,4.8888015414784745,5.119759820216111,24.902203257240924,24.546339602381952,25.258066912099896,40.00602040888043,39.023018558181995,40.98902225957887,1.5132258189005334,1.4771621822352625,1.5492894555658043,0.0,0.0,0.0,3.6150975447284694,3.546584946130456,3.683610143326483,0.0,0.0,0.0,5.043859814073495,4.898303901831662,5.189415726315328,5.01417471770904,4.9020305067676295,5.126318928650451,40.157362348042646,39.013897621072076,41.30082707501322,2.029237740978416,1.972267576570119,2.086207905386713,0.2548277713001018,0.24816667860387454,0.26185631020458944,0.06642567169648214,0.06439089199819625,0.06859324762813944,0.1352329613163871,0.13132375773169272,0.13938204130717802,0.056635731363281525,0.055169911109865605,0.058181568948005316,0.9123583795923114,0.8920063608171733,0.9336607858048669,0.2456348508225923,0.23968674813014101,0.25188568416169116,0.4950812185217955,0.4849821657249823,0.5056098122503294,0.16093790279452372,0.15702131911358003,0.16505486731524335
30,30,100,1,1,5,55,5,5,5,40,5,5,5,40,5,5,5,40,10,0.1,0.9,10,1,15,25,15,25,0.0,0.0,0.0,4.463200911086727,4.372696857190163,4.55370496498329,0.0,0.0,0.0,4.943596153356048,4.807872697969307,5.079319608742789,5.011495438613779,4.867166355477362,5.155824521750196,39.863694330366584,39.17590628652214,40.55148237421103,2.9748241511503775,2.878372663058069,3.071275639242686,0.0,0.0,0.0,4.449967438484829,4.320869109546469,4.579065767423189,0.0,0.0,0.0,5.024957471998087,4.884016140225386,5.165898803770789,24.814483152662664,24.26265782095185,25.366308484373477,39.4922179685285,38.3645106837129,40.6199252533441,2.6605987812485625,2.5687815179687,2.752416044528425,1.1130361259479646,1.084611752454642,1.1429904268473172,0.1134016639983496,0.11050084391153468,0.11645889217648199,0.9573632913383641,0.9405055260689745,0.9748364086108416,0.05141983460628968,0.05013410163089889,0.052773250877131556,0.8106152061703071,0.795489608276398,0.8263271553274839,0.08216771363155655,0.08079976147833826,0.08358278275490037,0.69061188867792,0.6773724301836537,0.7043792030946999,0.04041614131872439,0.03950699632808863,0.04136811483920611,0.0,0.0,0.0,4.455997723663101,4.381641170611615,4.530354276714587,0.0,0.0,0.0,4.974982992026629,4.834682999378684,5.1152829846745735,14.990085046030245,14.540865645435455,15.439304446625036,39.935641257441816,38.7466643319999,41.12461818288373,2.860769230841913,2.779516795512875,2.9420216661709513,0.0,0.0,0.0,4.502557569821396,4.371070224554103,4.634044915088689,0.0,0.0,0.0,4.951150797143539,4.845085617479798,5.05721597680728,14.975566200786194,14.568851724548969,15.382280677023418,40.29394127361134,39.11424859617757,41.47363395104511,2.8960548735787532,2.8069348650939236,2.985174882063583,0.9550931108909501,0.937127734562613,0.9737607673849779,0.0972349363231817,0.09523468177967144,0.09932101792344426,0.7966368725153564,0.776787239581874,0.8175275633223897,0.0450853816073747,0.04395957976701053,0.046270362434282515,0.9581329853651314,0.936758034993669,0.980506181194824,0.10182340584523963,0.09958067483364207,0.10416948488727386,0.8177677612241858,0.7940469726684931,0.842949426539123,0.046078680104763105,0.045012190006747395,0.04719693413561082,0.0,0.0,0.0,4.568079267965172,4.439960172273608,4.696198363656736,0.0,0.0,0.0,4.995211725135845,4.851836866215117,5.138586584056573,25.4000825417081,24.726546658215508,26.073618425200696,39.44806045479387,38.56644348099511,40.329677428592625,2.6206767069293964,2.5848489494778564,2.6565044643809363,0.0,0.0,0.0,4.533262131086402,4.426308200492698,4.640216061680106,0.0,0.0,0.0,5.077891407330869,4.93019340676888,5.2255894078928575,5.0121713030910975,4.905548144553275,5.11879446162892,40.043217805511766,38.93447390249887,41.15196170852466,2.7823571515628465,2.7372827381670826,2.8274315649586104,0.798472356917582,0.7858664869568355,0.8114892343807786,0.0786245722397639,0.07612337595513947,0.0812957168438273,0.6803341883644987,0.6633413028086204,0.6982205801216996,0.03895172893607346,0.037612629045854884,0.04038969919031367,1.1063385683701654,1.083125852148919,1.1305680286548705,0.09858370776450742,0.09619096896140325,0.10109852134386735,0.9606661216929566,0.937715949602782,0.9847678681247093,0.04736914432867833,0.046209768612350724,0.04858819331155047
30,30,100,1,1,30,30,5,5,5,40,5,5,5,40,5,5,5,40,10,0.1,0.9,10,1,15,25,15,25,0.0,0.0,0.0,3.374222025143729,3.3012671391668733,3.4471769111205846,0.0,0.0,0.0,5.031644751059313,4.881997893414134,5.181291608704493,4.982045864214544,4.8773794607437315,5.086712267685356,40.243172157813476,39.0425110041528,41.44383331147415,2.0575341868768158,2.022112178924215,2.0929561948294166,0.0,0.0,0.0,3.5930883758958467,3.51642256149798,3.6697541902937134,0.0,0.0,0.0,4.996942867442698,4.8875279305783925,5.106357804307003,25.219379885837746,24.6163991542246,25.822360617450894,39.460364635936934,38.56216164322724,40.358567628646625,1.391855167934897,1.3667083673434075,1.4170019685263864,0.9005047961746443,0.8907504764747385,0.9104751139854983,0.2996472577073704,0.2932137262832767,0.3063694445360336,0.41066209061053405,0.3989181577632923,0.4231184673646522,0.19453758196705231,0.1895049562736662,0.1998447997501037,0.19015601340154786,0.18483091010442326,0.19579705884705645,0.053752431258289934,0.05238481722433519,0.05519336832953038,0.08362501496873587,0.08129167147763007,0.0860962664420982,0.049851536317051116,0.04866237846776008,0.05110026865368926,0.0,0.0,0.0,3.448328654076879,3.3639688676965482,3.5326884404572096,0.0,0.0,0.0,5.00777553552008,4.864272956706733,5.151278114333428,14.95315287496147,14.574145170757777,15.332160579165162,40.52274644213203,39.53208245478437,41.51341042947969,1.734732894541522,1.698662866200035,1.770802922883009,0.0,0.0,0.0,3.4374277042802257,3.3526084072685487,3.5222470012919027,0.0,0.0,0.0,4.977626216575199,4.831732802658407,5.123519630491992,14.91739578556587,14.630489943269884,15.204301627861854,40.75825764324891,39.5569785421485,41.95953674434932,1.765009743220047,1.7185538150893265,1.8114656713507673,0.40993141184211346,0.40088301384416997,0.4193977081217204,0.1274996330287388,0.12520045223066908,0.12988483787327432,0.18787976013631788,0.18294700905753025,0.19308588294927506,0.09699354108720039,0.09449752623999595,0.0996249904511459,0.41744722406607,0.4107796578258072,0.42433481064471895,0.12996218049582337,0.1263146240057715,0.13382666021747383,0.1901562821639766,0.18489302983327263,0.1957279669325737,0.09666698532662941,0.0946670109044504,0.09875328813139647,0.0,0.0,0.0,3.6588193859163978,3.5645977758132372,3.7530409960195583,0.0,0.0,0.0,4.895663564464576,4.775968597387834,5.0153585315413185,24.579541726361814,23.934500994719972,25.224582458003656,39.42907933129032,38.56455565622053,40.29360300636011,1.366422469487946,1.3359786396603313,1.396866299315561,0.0,0.0,0.0,3.3454004874789858,3.24577658176324,3.4450243931947315,0.0,0.0,0.0,4.98415105601859,4.879814077531881,5.0884880345053,4.8977108294366385,4.766226989862317,5.02919466901096,40.428951302683956,39.79424023244344,41.06366237292447,2.0716562480222787,2.016971575457927,2.1263409205866304,0.18780545111581373,0.18269048637985086,0.1932150833150389,0.05091762563258037,0.04914140453028892,0.05282706532185445,0.08297972717055298,0.08087156243790643,0.08520074530133771,0.04771914023984222,0.04651824142796778,0.048983686118076165,0.8899210166541696,0.87007336322396,0.9106953166022344,0.2927933563901724,0.2867663227782841,0.2990791719792232,0.4178896494486089,0.4091195304860709,0.4270440077001439,0.1909985109982812,0.18650489078919102,0.1957140144184405
30,30,100,1,1,40,20,5,5,5,40,5,5,5,40,5,5,5,40,10,0.1,0.9,10,1,15,25,15,25,0.0,0.0,0.0,2.8145473934509457,2.74788904512907,2.8812057417728214,0.0,0.0,0.0,5.029102550103054,4.8914921469439845,5.166712953262123,4.966967052630617,4.88370596919436,5.050228136066873,40.35052765312191,39.7245531280775,40.976502178166314,2.045018432433843,1.9990197352846573,2.091017129583029,0.0,0.0,0.0,3.366835688679344,3.3108388358584384,3.422832541500249,0.0,0.0,NaN,4.99483119019669,4.8457840692687295,5.14387831112465,25.08222433682872,0.0,0.0,40.03615639627988,39.09001829695896,40.9822944956008,1.0830908258461835,1.0572694956559887,1.1089121560363784,0.9161423786676802,0.900671071495264,0.9321544933623541,0.39845107791477014,0.3878345831406748,0.40966515782470264,0.25361861364310384,0.24813212925049732,0.2593532089054352,0.259804331376997,0.2530865596376521,0.26688845193452554,0.07388812735293325,0.07198153135740559,0.07589847252129679,0.02432709345244789,0.02368123013710932,0.025009174070104896,0.021440978597120484,0.02021722670968474,0.022822423449747442,0.02777668573723405,0.027085967973474893,0.028503553264710685,0.0,0.0,0.0,3.053910796216369,2.9934684299212084,3.1143531625115295,0.0,0.0,0.0,4.955928297867033,4.838107468545292,5.0737491271887745,14.982101672549947,14.591164166429818,15.373039178670075,40.024549560609145,39.39036661672705,40.65873250449124,1.537980314969803,1.5067283941651848,1.5692322357744213,0.0,0.0,0.0,3.0294098317804297,2.9723764533979535,3.086443210162906,0.0,0.0,0.0,4.996346739595203,4.859318213574528,5.133375265615878,14.97329246264967,14.524987291525642,15.421597633773699,39.90866283843207,38.838162200662126,40.97916347620202,1.5174575455340615,1.4867763487063093,1.5481387423618138,0.25361922560470285,0.24818726895915635,0.25929427602824234,0.10114059680979638,0.09825824359507823,0.10419716512271732,0.0726258413753332,0.07102066712319884,0.07430525220703062,0.0843389839215009,0.08283702433277772,0.08589641485246144,0.2578802713015946,0.25202157270582415,0.26401784500686465,0.10295803163474794,0.10033384630188064,0.10572317229573616,0.07321175256327736,0.07122247979928609,0.07531534059010314,0.0860835760527528,0.08446984154302624,0.08776016987752865,0.0,0.0,0.0,3.349869402236451,3.2623867038051273,3.4373521006677743,0.0,0.0,NaN,4.948078325056345,4.860266469446716,5.035890180665974,24.92323284187736,24.379177019543476,25.467288664211246,40.18015040786693,39.14800057709466,41.2123002386392,1.0433662685131497,1.0234174617936944,1.063315075232605,0.0,0.0,0.0,2.839926008082269,2.7681952992536965,2.911656716910841,0.0,0.0,0.0,5.042357992616635,4.9084597139218715,5.176256271311399,5.049237056961842,4.937880442722939,5.160593671200745,40.334476552442005,39.33443280119926,41.33452030368475,2.0684844561999016,2.0379844140323953,2.098984498367408,0.07195965572230731,0.06999100814082489,0.07404225328342018,0.023483040595383777,0.022767989009691007,0.024244462309497197,0.020969186668729597,0.020241776700079372,0.02175082594133561,0.027774052387424707,0.027003400361519127,0.028589984041483173,0.9193697261466852,0.8986304433819502,0.9410888976923786,0.3987463314753013,0.3909273765896584,0.4068844443435946,0.256198604223609,0.2499723842124073,0.26274290772757,0.2592391411895681,0.25378363731360953,0.2649343482528264
30,30,100,1,1,45,15,5,5,5,40,5,5,5,40,5,5,5,40,10,0.1,0.9,10,1,15,25,15,25,0.0,0.0,0.0,2.5823536910567064,2.5109754294737616,2.6537319526396512,0.0,0.0,0.0,4.995765253143291,4.926293029343501,5.06523747694308,5.005827253278694,4.8991477109964325,5.1125067955609556,39.83042728747777,39.244406004491346,40.41644857046419,2.090189284938716,2.060818459320817,2.1195601105566144,0.0,0.0,NaN,3.3406830470032585,3.2666227621069934,3.4147433318995235,0.0,0.0,NaN,4.98503751162237,4.854222305162545,5.115852718082196,25.038712911793287,24.40216993066001,25.675255892926565,39.758506574548406,38.6271197169099,40.88989343218691,0.8816783431726348,0.8626849294505389,0.9006717568947308,0.9503897174505621,0.9278590698831141,0.9740417924852053,0.45175650208322954,0.4424580236597523,0.4614541946158854,0.1902805851284394,0.18624747013029624,0.19449223728493598,0.2961123169566232,0.2914751631283868,0.3008994034641388,0.03942144175648175,0.03853585612764284,0.04034868774502674,0.012889793574847479,0.012489162604632011,0.013316979494687896,0.008515992255522834,0.00799403676203077,0.009110869208885429,0.017781615438425203,0.017344617618815804,0.018241202729126483,0.0,0.0,0.0,2.9114782500422693,2.8306487807276377,2.992307719356901,0.0,0.0,0.0,4.975627009777023,4.877781355595714,5.073472663958332,14.88225909502335,14.56087517210576,15.20364301794094,40.11756849152881,39.13797880929815,41.09715817375947,1.3892999782558335,1.350106405825613,1.428493550686054,0.0,0.0,0.0,2.91832998159456,2.8470917114424514,2.989568251746668,0.0,0.0,0.0,5.013946954706646,4.924786489283486,5.103107420129806,14.847780087290605,14.508910756582058,15.186649417999153,40.16789193775122,39.52156770534806,40.81421617015438,1.4181489139660621,1.3905814499440934,1.4457163779880309,0.1882723051206187,0.18470219376488364,0.1919831501876083,0.07939644407530601,0.07728597306208893,0.08162541347632858,0.03867150560456053,0.037695607571355996,0.03969927643214122,0.0717738400719379,0.07011458151150181,0.07351353471394355,0.19056033486262594,0.1862224253366379,0.1951051609474182,0.0793260843438053,0.07709092357159944,0.08169472698810151,0.039421473831460954,0.03853629382736816,0.040348275108343906,0.0725155116687356,0.07063147471710444,0.07450281342122292,0.0,0.0,NaN,3.35395861716512,3.3085308787864633,3.3993863555437764,0.0,0.0,NaN,4.98574677365642,4.853229369759607,5.1182641775532325,24.74089653119137,24.10458777139813,25.377205290984612,39.99517173327409,39.3520179316305,40.63832553491768,0.8587754932577731,0.8397965957887561,0.8777543907267902,0.0,0.0,0.0,2.5285000477930515,2.4680618014766993,2.5889382941094037,0.0,0.0,0.0,4.970977462051179,4.886649399204534,5.0553055248978245,4.9827434855957575,4.858862507119781,5.106624464071734,39.95165151128269,38.913975601066994,40.98932742149839,2.095038884550822,2.0602717963152886,2.1298059727863556,0.03867150864389421,0.03769623153014679,0.03969859080812118,0.012522815661053942,0.01201464790160032,0.01307586847111522,0.008374535675326662,0.007933382758398303,0.00886763998729557,0.017615907075236047,0.01721681052391062,0.01803394532785803,0.9452331665777478,0.9209298495771043,0.9708539802077549,0.45674208153848256,0.4457931116384618,0.46824242113796527,0.1905638895010859,0.18622091010675845,0.19511427690743188,0.2956523228213388,0.28945325933667715,0.3021227213022661
30,30,100,1,1,35,25,5,5,5,40,5,5,5,40,5,5,5,40,10,0.1,0.9,10,1,15,25,15,25,0.0,0.0,0.0,3.0422795107784713,2.9529731041955904,3.131585917361352,0.0,0.0,0.0,4.965120481921676,4.832110390437192,5.098130573406159,5.047750501453249,4.9101034104814945,5.185397592425004,39.738523407923346,38.591463390131494,40.8855834257152,2.057469701766139,2.0243814326313743,2.090557970900904,0.0,0.0,0.0,3.4163371796336057,3.359464111315411,3.4732102479518003,0.0,0.0,0.0,5.005225178407734,4.861585183591979,5.14886517322349,24.844441608284047,24.477186985558077,25.211696231010016,39.197454778702316,38.3212800259403,40.073629531464334,1.2428823141191296,1.2185728395474227,1.2671917886908366,0.9266878889333575,0.9076581465942513,0.9465326650745766,0.3466792674229391,0.33934996752825713,0.3543321534204324,0.3296559945128006,0.32187885821003537,0.3378182534994182,0.22733295271091736,0.22172839204259878,0.23322819025725655,0.12393981263854677,0.12115424112650745,0.12685648993514814,0.03889725203778367,0.03783388184298714,0.040022125655866804,0.044278420650776584,0.04276567281822275,0.04590211363476834,0.03952294070343978,0.03854589432544663,0.04055080682581713,0.0,0.0,0.0,3.20840564108706,3.1150252084446692,3.3017860737294504,0.0,0.0,0.0,4.998168341651865,4.875679726685247,5.1206569566184825,14.91713454411823,14.480611865226635,15.353657223009826,39.80477704602236,38.78636567058409,40.82318842146063,1.6464251407168946,1.62235168827439,1.6704985931593992,0.0,0.0,0.0,3.2486610008506585,3.181924032276728,3.315397969424589,0.0,0.0,0.0,4.984768817945075,4.90195291760109,5.06758471828906,15.065295742233573,14.749379177413127,15.38121230705402,39.13449098122577,38.090979742104345,40.17800222034719,1.6372631533391135,1.612771263945973,1.661755042732254,0.33381574643413,0.32491175658318533,0.34322150265674045,0.11620564671226385,0.11284198742424814,0.11977599903256216,0.1220901951279781,0.11942177913981665,0.1248805852279538,0.0925009205885331,0.09018365098585424,0.09494041528633868,0.32945184060052485,0.3221684280693573,0.337072189444832,0.1140052338519624,0.11071284531854678,0.11749944283149005,0.12393994572413128,0.12115443087894343,0.12685656074684462,0.09237712772919227,0.09016843333701735,0.09469674402669673,0.0,0.0,0.0,3.4460694148597186,3.3710722984406214,3.521066531278816,0.0,0.0,0.0,5.015426486348801,4.874788408832332,5.15606456386527,25.17462806047292,24.502813480227918,25.84644264071792,39.816906932305805,38.983220037504964,40.65059382710665,1.1910920840445878,1.1559766775753577,1.2262074905138178,0.0,0.0,0.0,3.1117580170828516,3.032553303192887,3.1909627309728164,0.0,0.0,0.0,4.971791267633378,4.849487209570632,5.0940953256961246,4.976033940051106,4.876757561061789,5.075310319040424,40.01196798650238,39.095284866540524,40.92865110646423,2.058128118423464,2.01049288317853,2.1057633536683977,0.12209586715268309,0.11949568364615391,0.12481172584362142,0.037199166488120876,0.03580964319893521,0.03870087851902226,0.04447784178753012,0.04319482858269336,0.04583940672623691,0.03878714135558538,0.03786524141242462,0.03975505226967614,0.9233120329135349,0.9010853211153826,0.9466629908921779,0.35436459239944834,0.34502092617651214,0.3642284255142241,0.329416369356173,0.3219755280531683,0.33720926161971604,0.23217093052170226,0.22622665661983649,0.23843601439288495
30,30,100,1,1,1,59,5,5,5,40,5,5,5,40,5,5,5,40,10,0.1,0.9,10,1,15,25,15,25,0.0,0.0,0.0,4.714050773683491,4.589187497792448,4.838914049574534,0.0,0.0,0.0,4.951717024601141,4.808571186578697,5.094862862623585,5.0048464866294715,4.8745762737091525,5.1351166995497906,39.90724161355751,38.90909656604911,40.90538666106591,4.903010935169113,4.791396609906617,5.014625260431608,0.0,0.0,0.0,4.668929407956895,4.548418941522472,4.789439874391318,0.0,0.0,0.0,4.977431922589373,4.867023259705621,5.087840585473125,24.97606944906541,24.187631845878986,25.764507052251833,40.58195913287419,39.411800483549065,41.75211778219931,4.48964364954222,4.342329696701805,4.636957602382635,1.2477225351308614,1.2158457368194848,1.2813158147409192,0.0747551867794591,0.07240337744375196,0.07726490855883884,1.1456704359291614,1.112740541127193,1.1806087902242068,0.017580909057073737,0.016910977745088235,0.018306108724411494,1.056411239986003,1.027974994781903,1.0864654715696194,0.059776132894944864,0.0582573227505572,0.06137625586015696,0.9674364420713272,0.9412229522473904,0.9951518771252723,0.01516490725841319,0.014621380297720823,0.015750403907228736,0.0,0.0,0.0,4.680801381550946,4.573128600662827,4.788474162439066,0.0,0.0,0.0,4.99497011348955,4.882210763336372,5.107729463642728,15.086195283183665,14.538001678117743,15.634388888249587,40.46032100921411,39.27758636487465,41.643055653553574,4.797117986707947,4.609995760408073,4.984240213007822,0.0,0.0,0.0,4.643851834826665,4.512859627605264,4.774844042048066,0.0,0.0,0.0,4.95338328608958,4.82639579086709,5.08037078131207,15.215515531744076,14.645932205748512,15.78509885773964,39.80917378019611,38.73349709325302,40.8848504671392,4.843380304439867,4.72905831420252,4.957702294677214,1.1599052978563846,1.1403242861273482,1.1801705269777378,0.06765976059876337,0.06581679397355715,0.0696089120849481,1.0450091325131983,1.0214633788494842,1.0696660049738953,0.016123071134687285,0.015256056851713917,0.017094569612948654,1.1547327229184052,1.1229394704767623,1.1883787259522431,0.06918056204095427,0.06695828101697418,0.07155541761232923,1.0646359649871175,1.0373649250907613,1.0933795603120924,0.016393712432701178,0.01577500879327242,0.01706292893651962,0.0,0.0,0.0,4.777463751096186,4.647387209550053,4.907540292642319,0.0,0.0,0.0,5.0150006187893625,4.874632247713832,5.155368989864893,25.20063252069814,24.433912745823957,25.967352295572322,39.61768568796872,38.53800049443662,40.69737088150081,4.466734831836758,4.294726722787392,4.638742940886124,0.0,0.0,0.0,4.680604578210162,4.567353314612412,4.793855841807912,0.0,0.0,0.0,5.008281454389978,4.872042338940194,5.144520569839763,5.077915916604551,4.935101982108755,5.220729851100348,39.770523635253724,38.63599855028689,40.905048720220556,4.569904754939511,4.435885774517711,4.703923735361311,1.0454824318617426,1.0214687007942866,1.070652424208719,0.059791154785891885,0.05849322958589348,0.06114798726308301,1.009215130274024,0.9933877005413478,1.0255550757858767,0.015114825840222957,0.014516482227354431,0.01576461528057993,1.2395583144426967,1.2120085614115355,1.2683896466840558,0.06834723781409424,0.06683573889429312,0.06992868409142917,1.1586077084698325,1.129744974544489,1.1889838783993334,0.01713817590511,0.016848809238252025,0.017437655601742673
30,30,100,1,1,50,10,5,5,5,40,5,5,5,40,5,5,5,40,10,0.1,0.9,10,1,15,25,15,25,0.0,0.0,0.0,2.3604322199772523,2.319274892781347,2.4015895471731574,0.0,0.0,0.0,5.019617106376788,4.878875802708116,5.160358410045459,5.0841672940114755,4.953567321741561,5.21476726628139,40.02237968447205,39.08068763162787,40.96407173731623,2.0820101947082112,2.0218836395541646,2.142136749862258,0.0,0.0,0.0,3.4865605339863865,3.388679414750047,3.584441653222726,0.0,0.0,0.0,4.90583089456552,4.676741132263,5.13492065686804,24.982951527256233,24.499079226844035,25.46682382766843,39.69041017223597,38.56242641447049,40.818393930001456,0.6443951479286332,0.6180307516138491,0.6707595442434172,0.9553490606152873,0.9323957369071002,0.9794610174850833,0.5083158381790086,0.4959935572275066,0.5212659778241954,0.1163097232751711,0.11370957982026075,0.11903156199210911,0.33155008322972096,0.32246047345430445,0.34116699796833283,0.015480029094773378,0.01493937196816917,0.01606128847397642,0.004592719119731282,0.004403512917551864,0.004798914586983683,0.0022937029572173495,0.0020607665224136487,0.00258600966174892,0.008586471207252698,0.008364688189190778,0.008820335345275352,0.0,0.0,0.0,2.8958266669645947,2.8148502798545287,2.9768030540746606,0.0,0.0,0.0,4.931621299497498,4.80116309221026,5.062079506784736,14.954088848806865,14.539278391587125,15.368899306026606,39.85357150805941,39.41804151169774,40.28910150442108,1.1915148962393964,1.1659587228631443,1.2170710696156486,0.0,0.0,0.0,2.877901173793809,2.804127890053276,2.9516744575343425,0.0,0.0,0.0,5.027259388057996,4.906862531057134,5.147656245058859,14.744134870540153,14.382800495242291,15.105469245838014,39.78833447740639,38.75692688451916,40.819742070293614,1.2110687152266113,1.1813068731293819,1.2408305573238407,0.11603008569138722,0.113831241520083,0.1183155519509831,0.04921539160739896,0.04793125002418561,0.050570235090938005,0.015599327027627822,0.015138528242301877,0.01608905883303433,0.05196999690711756,0.05074077022387217,0.05326025979043871,0.11601927418534638,0.11352808353406275,0.11862224805930348,0.04873330430650506,0.04744420181708569,0.05009441553395919,0.015478192860781007,0.014962198436832413,0.016031048213082627,0.051001377381665325,0.05000694329852923,0.05203616439353465,0.0,0.0,0.0,3.4651459189934624,3.377645877109612,3.552645960877313,0.0,0.0,0.0,4.969498614509379,4.6469285810486705,5.292068647970088,24.70775639765317,24.050650456348258,25.364862338958083,39.74708573286989,38.69156050982955,40.80261095591023,0.6460586678750003,0.620131492418355,0.6719858433316457,0.0,0.0,0.0,2.316216248980864,2.2513589476899827,2.3810735502717457,0.0,0.0,0.0,4.9638589069529155,4.8352867532319035,5.092431060673928,4.958236347748698,4.846330068648666,5.070142626848729,40.67042317073832,40.0080695562665,41.332776785210136,2.0686064964679303,2.0300260010913576,2.107186991844503,0.015599318424639434,0.015138581321812356,0.016088980575961972,0.004728337617660749,0.004462488585100046,0.005027868698550189,0.002284199575364475,0.002110901317078959,0.0024884972544947266,0.008729970656710639,0.00830232829237123,0.009204060077719775,0.9589339791390583,0.9392014801287217,0.9795134268234423,0.5092468722374613,0.496052100176164,0.5231627766068435,0.11691362727725337,0.11402155397412932,0.11995622927789568,0.33406487688610226,0.32473373585732507,0.34394813888234493
30,30,100,1,1,55,5,5,5,5,40,5,5,5,40,5,5,5,40,10,0.1,0.9,10,1,15,25,15,25,0.0,0.0,0.0,2.1130574505379673,2.0526090608351715,2.173505840240763,0.0,0.0,0.0,4.962178464779884,4.829071790105888,5.095285139453879,5.084105403532507,4.956433941226365,5.211776865838649,39.49235405048236,38.519212343005016,40.46549575795971,2.1350917880859233,2.095549846910888,2.1746337292609583,0.0,0.0,0.0,3.9981053618596585,3.8788472106393392,4.117363513079978,0.0,0.0,0.0,4.938681135098722,0.0,0.0,24.70752420435818,22.661736948864704,26.753311459851655,40.10259077447035,39.20546608307001,40.99971546587069,0.2925962874151885,0.0,0.0,0.9908093417855457,0.9647389105803411,1.018327925129997,0.5693044674226108,0.5572978716242227,0.5818398020769343,0.05024709056919706,0.04879638337953005,0.05178669928143234,0.37000153380611756,0.36081006254966863,0.3796735436117223,0.0030902452446243647,0.0029713119270006728,0.003219096694430423,5.719179531588221E-4,5.348346346668049E-4,6.145268120791341E-4,2.3049781045025576E-4,Infinity,Infinity,0.002273176902148078,Infinity,Infinity,0.0,0.0,0.0,3.144638602147846,3.0599537708754267,3.229323433420265,0.0,0.0,NaN,5.097318081357027,4.93862998896362,5.256006173750435,15.110473998314509,14.743015323950281,15.477932672678737,39.96186502025556,39.05894697484618,40.86478306566494,0.8158304508866608,0.7916766537158748,0.8399842480574469,0.0,0.0,0.0,3.1155386827206693,3.03281231109773,3.1982650543436084,0.0,0.0,NaN,4.9066561199023235,4.749904435278712,5.063407804525935,15.236873570315378,14.836287037494783,15.637460103135973,39.5735966684877,38.802078661672944,40.34511467530246,0.8125922662908271,0.7944742314912789,0.8307103010903754,0.050247018598162864,0.0487950055495609,0.05178809833993036,0.018876527362763507,0.01840538335945215,0.019372425878094943,0.0031845201930859757,0.003067069118407074,0.003311324855069214,0.027715434603596354,0.027169007966114905,0.02828429197883862,0.048967485069948774,0.047747677069992396,0.050251251793418494,0.018670999261793064,0.018243679297689924,0.019118817504843337,0.0030902370459912993,0.002971302854400237,0.0032190895501159793,0.027579779397784682,0.02703333358788363,0.02814877244129516,0.0,0.0,0.0,3.9668020190119204,3.8438716772365833,4.0897323607872575,0.0,0.0,0.0,5.129321975531716,0.0,0.0,24.761802384733148,22.676123899586624,26.84748086987967,39.92527710040063,38.64544667987999,41.20510752092127,0.27680799993439115,0.24495236624674663,0.3086636336220357,0.0,0.0,0.0,2.0966179357308503,2.057740294308862,2.1354955771528386,0.0,0.0,0.0,4.974666849074572,4.900307643552459,5.049026054596684,5.018251018596794,4.869607720601926,5.166894316591661,40.13834652020951,39.35193159183517,40.92476144858385,2.110303026708596,2.0471084434564895,2.173497609960702,0.0031845212408852267,0.003067066086750138,0.0033113306546484938,5.659095314512534E-4,Infinity,Infinity,2.396657520230702E-4,Infinity,Infinity,0.002323337912987493,0.002207587489547385,0.0024518982829991065,0.9958708389573478,0.9707188679045666,1.0223608891030969,0.5728227235846445,0.5575619015832647,0.5889424510793984,0.04888935774506379,0.047677998559005605,0.050163875838133525,0.3675399842275651,0.35886193286071316,0.3766481443430235
30,30,100,1,1,59,1,5,5,5,40,5,5,5,40,5,5,5,40,10,0.1,0.9,10,1,15,25,15,25,0.0,0.0,0.0,2.0018701085414206,1.9548956673604927,2.0488445497223484,0.0,0.0,0.0,5.023243232777723,4.900827807047004,5.1456586585084425,5.006616705091466,4.916566961272255,5.096666448910677,40.25030640312926,39.634805531326016,40.8658072749325,2.112674318655165,2.0604635437303824,2.1648850935799477,0.0,0.0,0.0,0.0,0.0,0.0,0.0,0.0,0.0,0.0,0.0,0.0,0.0,0.0,0.0,0.0,0.0,0.0,0.0,0.0,0.0,0.9960692213470288,0.9766954269150021,1.016227170023478,0.602334471741608,0.5850782657146869,0.6206395156618907,0.007096863831169087,0.006891068522853915,0.007315329289997311,0.3920828980014498,0.38357127634497484,0.40098084595198136,1.1104915417059517E-4,0.0,0.0,0.0,0.0,0.0,0.0,0.0,0.0,1.1104663779283425E-4,0.0,0.0,0.0,0.0,0.0,4.2019317165999865,4.0067394274972665,4.397124005702707,0.0,0.0,0.0,0.0,0.0,0.0,14.892199599750665,14.512605587220989,15.27179361228034,39.76394516701995,38.76619655565365,40.761693778386245,0.19436823678563386,0.18163693705297573,0.207099536518292,0.0,0.0,0.0,4.229127131433747,4.102015778981788,4.356238483885705,0.0,0.0,0.0,0.0,0.0,0.0,15.015857683919236,14.722098478719358,15.309616889119114,40.447336323727335,39.41657997184074,41.47809267561393,0.20112636223657318,0.1873706308746198,0.21488209359852656,0.007098955520527324,0.006925591328448531,0.007281222002913636,0.0011103857348058735,0.0010181860040019619,0.0012209459761407995,1.0541358263260623E-4,0.0,0.0,0.005900729129930188,0.005701827856938727,0.006114008830761492,0.007159882008688557,0.006987870145309256,0.007340576001278691,0.0011247052032171336,Infinity,Infinity,1.1105007149391854E-4,0.0,0.0,0.00585021606066252,0.005676605978893798,0.006034780343035858,0.0,0.0,0.0,0.0,0.0,0.0,0.0,0.0,0.0,0.0,0.0,0.0,0.0,0.0,0.0,0.0,0.0,0.0,0.0,0.0,0.0,0.0,0.0,0.0,1.99862037718225,1.9405228428942243,2.0567179114702756,0.0,0.0,0.0,5.03080246781413,4.947796076983799,5.113808858644461,5.001960686014716,4.926670915327103,5.077250456702329,40.31507534275012,39.647819360588294,40.98233132491195,2.1090386200871265,2.052447766012862,2.165629474161391,1.0541350331382542E-4,0.0,0.0,0.0,0.0,0.0,0.0,0.0,0.0,1.0293253364655544E-4,0.0,0.0,1.001248331450194,0.978418256814955,1.0251692783200852,0.6005475454986005,0.5868670169068081,0.614881114126633,0.007144610649491069,0.00695556599240467,0.007344218454346284,0.3911676664713322,0.38359277259087327,0.3990477533787664
